date,value
2000-12-18,0.41
2000-12-19,0.45
2000-12-20,0.45
2000-12-21,0.49
2000-12-22,0.49
2000-12-26,0.5
2000-12-27,0.49
2000-12-28,0.52
2000-12-29,0.51
2001-01-02,0.51
2001-01-03,0.51
2001-01-04,0.48
2001-01-05,0.49
2001-01-08,0.5
2001-01-09,0.54
2001-01-10,0.55
2001-01-11,0.62
2001-01-12,0.6
2001-01-15,0.62
2001-01-16,0.74
2001-01-17,0.85
2001-01-18,0.73
2001-01-19,0.77
2001-01-22,0.77
2001-01-26,0.78
2001-01-29,0.8
2001-01-30,0.82
2001-01-31,0.86
2001-02-01,0.91
2001-02-02,1.0
2001-02-05,1.08
2001-02-06,1.14
2001-02-07,1.09
2001-02-08,1.02
2001-02-09,0.95
2001-02-12,0.93
2001-02-13,0.92
2001-02-14,0.84
2001-02-15,0.87
2001-02-16,0.78
2001-02-19,0.85
2001-02-20,0.83
2001-02-21,0.9
2001-02-22,1.09
2001-02-23,1.08
2001-02-26,1.12
2001-02-27,1.15
2001-02-28,1.06
2001-03-02,1.0
2001-03-05,1.0
2001-03-06,0.93
2001-03-07,0.97
2001-03-08,0.91
2001-03-09,1.04
2001-03-12,1.03
2001-03-13,1.03
2001-03-14,1.14
2001-03-15,1.18
2001-03-16,1.23
2001-03-19,1.26
2001-03-20,1.28
2001-03-21,1.34
2001-03-22,1.3
2001-03-23,1.33
2001-03-26,1.33
2001-03-27,1.3
2001-03-28,1.27
2001-03-29,1.2
2001-03-30,1.2
2001-04-02,1.1
2001-04-03,1.16
2001-04-04,1.12
2001-04-06,1.18
2001-04-09,1.22
2001-04-10,1.23
2001-04-11,1.23
2001-04-12,1.25
2001-04-13,1.22
2001-04-16,1.22
2001-04-17,1.23
2001-04-18,1.19
2001-04-19,1.18
2001-04-20,1.1
2001-04-23,1.1
2001-04-24,1.11
2001-04-25,1.1
2001-04-26,1.02
2001-04-27,1.05
2001-04-30,1.05
2001-05-02,1.07
2001-05-03,1.1
2001-05-04,1.13
2001-05-07,1.14
2001-05-08,1.16
2001-05-09,1.15
2001-05-10,1.14
2001-05-11,1.15
2001-05-14,1.11
2001-05-15,1.07
2001-05-16,1.12
2001-05-17,1.11
2001-05-18,1.11
2001-05-21,1.1
2001-05-22,1.09
2001-05-23,1.07
2001-05-24,1.11
2001-05-25,1.09
2001-05-28,1.14
2001-05-29,1.08
2001-05-30,1.13
2001-05-31,1.12
2001-06-01,1.13
2001-06-04,1.15
2001-06-05,1.11
2001-06-07,1.11
2001-06-08,1.15
2001-06-11,1.16
2001-06-12,1.15
2001-06-13,1.16
2001-06-14,1.17
2001-06-15,1.18
2001-06-18,1.25
2001-06-19,1.24
2001-06-20,1.16
2001-06-21,1.09
2001-06-22,1.08
2001-06-25,1.05
2001-06-26,1.02
2001-06-27,0.97
2001-06-28,0.9
2001-06-29,0.85
2001-07-02,0.88
2001-07-03,0.88
2001-07-04,0.9
2001-07-05,0.9
2001-07-06,0.95
2001-07-09,0.96
2001-07-10,0.96
2001-07-11,1.05
2001-07-12,1.09
2001-07-13,1.08
2001-07-16,1.1
2001-07-18,1.18
2001-07-19,1.2
2001-07-20,1.21
2001-07-23,1.19
2001-07-24,1.2
2001-07-25,1.17
2001-07-26,1.16
2001-07-27,1.16
2001-07-30,1.15
2001-07-31,1.2
2001-08-01,1.23
2001-08-02,1.24
2001-08-03,1.26
2001-08-06,1.28
2001-08-07,1.31
2001-08-08,1.32
2001-08-09,1.31
2001-08-10,1.31
2001-08-13,1.23
2001-08-14,1.12
2001-08-16,1.11
2001-08-17,1.12
2001-08-20,0.93
2001-08-21,0.94
2001-08-22,0.97
2001-08-23,0.95
2001-08-24,0.98
2001-08-27,1.01
2001-08-28,1.04
2001-08-29,1.06
2001-08-30,1.05
2001-08-31,1.09
2001-09-03,1.11
2001-09-04,1.1
2001-09-05,1.09
2001-09-06,1.09
2001-09-07,1.08
2001-09-10,1.14
2001-09-11,1.16
2001-09-12,1.13
2001-09-13,1.13
2001-09-14,1.16
2001-09-17,1.37
2001-09-18,1.4
2001-09-19,1.49
2001-09-20,1.5
2001-09-21,1.5
2001-09-24,1.54
2001-09-25,1.53
2001-09-26,1.53
2001-09-27,1.53
2001-09-28,1.58
2001-10-04,1.68
2001-10-05,1.69
2001-10-08,1.75
2001-10-09,1.77
2001-10-10,1.76
2001-10-11,1.71
2001-10-12,1.78
2001-10-15,1.79
2001-10-16,1.83
2001-10-17,1.79
2001-10-18,1.81
2001-10-19,1.8
2001-10-22,1.84
2001-10-23,1.86
2001-10-24,1.84
2001-10-25,1.86
2001-10-26,1.87
2001-10-29,1.87
2001-10-30,1.82
2001-10-31,1.87
2001-11-01,1.91
2001-11-02,1.94
2001-11-05,1.87
2001-11-06,1.82
2001-11-07,1.77
2001-11-08,1.76
2001-11-09,1.73
2001-11-12,1.7
2001-11-13,1.69
2001-11-14,1.58
2001-11-15,1.48
2001-11-16,1.42
2001-11-19,1.49
2001-11-20,1.46
2001-11-21,1.41
2001-11-22,1.29
2001-11-23,1.31
2001-11-26,1.21
2001-11-27,1.16
2001-11-28,1.22
2001-11-29,1.2
2001-11-30,1.2
2001-12-03,1.2
2001-12-04,1.15
2001-12-05,1.1
2001-12-06,1.02
2001-12-07,1.0
2001-12-10,1.0
2001-12-11,0.99
2001-12-12,0.97
2001-12-13,0.98
2001-12-14,1.05
2001-12-17,1.09
2001-12-18,1.12
2001-12-19,1.11
2001-12-20,1.11
2001-12-21,1.12
2001-12-24,1.12
2001-12-26,1.14
2001-12-27,1.14
2001-12-28,1.11
2001-12-31,1.11
2002-01-02,0.98
2002-01-03,0.95
2002-01-04,0.92
2002-01-07,0.91
2002-01-08,0.87
2002-01-09,0.94
2002-01-10,0.95
2002-01-11,1.03
2002-01-14,1.01
2002-01-15,1.02
2002-01-16,1.05
2002-01-17,1.08
2002-01-18,1.08
2002-01-21,1.13
2002-01-22,1.11
2002-01-23,1.08
2002-01-24,1.04
2002-01-25,1.04
2002-01-28,0.99
2002-01-29,1.01
2002-01-30,1.07
2002-01-31,1.08
2002-02-01,1.13
2002-02-04,1.13
2002-02-05,1.13
2002-02-06,1.1
2002-02-07,1.15
2002-02-08,1.12
2002-02-14,1.05
2002-02-15,1.05
2002-02-18,1.07
2002-02-19,1.05
2002-02-20,1.04
2002-02-21,1.03
2002-02-22,1.03
2002-02-25,1.04
2002-02-26,1.06
2002-02-27,1.06
2002-02-28,1.1
2002-03-04,1.0
2002-03-05,0.97
2002-03-06,0.91
2002-03-07,0.91
2002-03-08,0.87
2002-03-11,0.86
2002-03-12,0.85
2002-03-13,0.8
2002-03-14,0.79
2002-03-15,0.81
2002-03-18,0.91
2002-03-19,0.82
2002-03-20,0.87
2002-03-21,0.86
2002-03-22,0.86
2002-03-25,0.86
2002-03-26,0.85
2002-03-27,0.85
2002-03-28,0.89
2002-03-29,0.86
2002-04-01,0.84
2002-04-02,0.81
2002-04-03,0.85
2002-04-04,0.83
2002-04-08,0.82
2002-04-09,0.78
2002-04-10,0.81
2002-04-11,0.81
2002-04-12,0.82
2002-04-15,0.83
2002-04-16,0.8
2002-04-17,0.8
2002-04-18,0.8
2002-04-19,0.81
2002-04-22,0.8
2002-04-23,0.81
2002-04-24,0.83
2002-04-25,0.87
2002-04-26,0.88
2002-04-29,0.89
2002-04-30,0.89
2002-05-02,0.89
2002-05-03,0.9
2002-05-06,0.9
2002-05-07,0.88
2002-05-08,0.81
2002-05-09,0.8
2002-05-10,0.84
2002-05-13,0.84
2002-05-14,0.84
2002-05-15,0.77
2002-05-16,0.77
2002-05-17,0.76
2002-05-20,0.76
2002-05-21,0.78
2002-05-22,0.75
2002-05-23,0.74
2002-05-24,0.74
2002-05-27,0.74
2002-05-28,0.73
2002-05-29,0.74
2002-05-30,0.78
2002-05-31,0.78
2002-06-03,0.78
2002-06-04,0.8
2002-06-05,0.79
2002-06-07,0.81
2002-06-10,0.81
2002-06-11,0.8
2002-06-12,0.8
2002-06-14,0.81
2002-06-17,0.82
2002-06-18,0.83
2002-06-19,0.85
2002-06-20,0.85
2002-06-21,0.86
2002-06-24,0.87
2002-06-25,0.89
2002-06-26,0.94
2002-06-27,0.89
2002-06-28,0.85
2002-07-02,0.85
2002-07-03,0.82
2002-07-04,0.79
2002-07-05,0.77
2002-07-08,0.78
2002-07-09,0.75
2002-07-10,0.76
2002-07-11,0.8
2002-07-12,0.78
2002-07-15,0.8
2002-07-16,0.82
2002-07-18,0.82
2002-07-19,0.88
2002-07-22,0.93
2002-07-23,0.86
2002-07-24,0.9
2002-07-25,0.91
2002-07-26,0.92
2002-07-29,0.92
2002-07-30,0.9
2002-07-31,0.91
2002-08-01,0.92
2002-08-02,0.93
2002-08-05,0.9
2002-08-06,0.89
2002-08-07,0.89
2002-08-08,0.9
2002-08-09,0.91
2002-08-12,0.91
2002-08-13,0.91
2002-08-14,0.9
2002-08-16,0.89
2002-08-19,0.87
2002-08-20,0.83
2002-08-21,0.82
2002-08-22,0.81
2002-08-23,0.8
2002-08-26,0.78
2002-08-27,0.81
2002-08-28,0.8
2002-08-29,0.81
2002-08-30,0.81
2002-09-02,0.78
2002-09-03,0.77
2002-09-04,0.78
2002-09-05,0.78
2002-09-06,0.8
2002-09-09,0.79
2002-09-10,0.79
2002-09-11,0.78
2002-09-12,0.79
2002-09-13,0.83
2002-09-16,0.82
2002-09-17,0.77
2002-09-18,0.8
2002-09-19,0.8
2002-09-23,0.81
2002-09-24,0.8
2002-09-25,0.79
2002-09-26,0.81
2002-09-27,0.8
2002-09-30,0.8
2002-10-01,0.8
2002-10-02,0.77
2002-10-04,0.76
2002-10-07,0.76
2002-10-08,0.75
2002-10-09,0.77
2002-10-10,0.77
2002-10-11,0.77
2002-10-14,0.76
2002-10-15,0.75
2002-10-16,0.74
2002-10-17,0.69
2002-10-18,0.69
2002-10-21,0.7
2002-10-22,0.7
2002-10-23,0.69
2002-10-24,0.7
2002-10-25,0.71
2002-10-28,0.66
2002-10-29,0.66
2002-10-30,0.66
2002-10-31,0.65
2002-11-01,0.65
2002-11-04,0.64
2002-11-05,0.64
2002-11-06,0.64
2002-11-07,0.63
2002-11-08,0.61
2002-11-11,0.61
2002-11-12,0.58
2002-11-13,0.55
2002-11-14,0.51
2002-11-15,0.47
2002-11-18,0.43
2002-11-19,0.41
2002-11-20,0.41
2002-11-21,0.4
2002-11-22,0.4
2002-11-25,0.42
2002-11-26,0.42
2002-11-27,0.42
2002-11-28,0.44
2002-11-29,0.45
2002-12-02,0.48
2002-12-03,0.48
2002-12-04,0.48
2002-12-05,0.47
2002-12-06,0.47
2002-12-09,0.47
2002-12-10,0.47
2002-12-11,0.47
2002-12-12,0.48
2002-12-13,0.49
2002-12-16,0.49
2002-12-17,0.49
2002-12-18,0.49
2002-12-20,0.48
2002-12-23,0.48
2002-12-24,0.48
2002-12-26,0.5
2002-12-27,0.5
2002-12-30,0.5
2002-12-31,0.5
2003-01-02,0.5
2003-01-03,0.5
2003-01-06,0.49
2003-01-07,0.5
2003-01-08,0.46
2003-01-09,0.46
2003-01-10,0.46
2003-01-13,0.45
2003-01-14,0.45
2003-01-15,0.45
2003-01-16,0.46
2003-01-17,0.46
2003-01-20,0.46
2003-01-21,0.47
2003-01-22,0.48
2003-01-23,0.47
2003-01-24,0.48
2003-01-27,0.49
2003-01-28,0.44
2003-01-29,0.42
2003-01-30,0.42
2003-02-03,0.41
2003-02-04,0.41
2003-02-05,0.41
2003-02-06,0.4
2003-02-07,0.41
2003-02-10,0.41
2003-02-11,0.4
2003-02-12,0.39
2003-02-13,0.41
2003-02-14,0.42
2003-02-17,0.41
2003-02-18,0.41
2003-02-19,0.41
2003-02-20,0.41
2003-02-21,0.41
2003-02-24,0.43
2003-02-25,0.44
2003-02-26,0.45
2003-02-27,0.47
2003-02-28,0.47
2003-03-03,0.46
2003-03-04,0.46
2003-03-05,0.46
2003-03-06,0.46
2003-03-07,0.46
2003-03-10,0.45
2003-03-11,0.46
2003-03-12,0.39
2003-03-13,0.39
2003-03-14,0.42
2003-03-17,0.44
2003-03-18,0.43
2003-03-19,0.39
2003-03-20,0.39
2003-03-21,0.38
2003-03-24,0.34
2003-03-25,0.35
2003-03-26,0.37
2003-03-27,0.39
2003-03-28,0.38
2003-03-31,0.42
2003-04-01,0.43
2003-04-02,0.43
2003-04-03,0.44
2003-04-04,0.43
2003-04-07,0.43
2003-04-08,0.44
2003-04-09,0.43
2003-04-10,0.43
2003-04-11,0.44
2003-04-14,0.45
2003-04-15,0.45
2003-04-16,0.45
2003-04-17,0.45
2003-04-18,0.43
2003-04-21,0.42
2003-04-22,0.43
2003-04-23,0.44
2003-04-24,0.44
2003-04-25,0.43
2003-04-28,0.43
2003-04-29,0.44
2003-04-30,0.44
2003-05-02,0.44
2003-05-06,0.44
2003-05-07,0.44
2003-05-09,0.45
2003-05-12,0.45
2003-05-13,0.45
2003-05-14,0.47
2003-05-15,0.47
2003-05-16,0.47
2003-05-19,0.41
2003-05-20,0.38
2003-05-21,0.37
2003-05-22,0.36
2003-05-23,0.36
2003-05-26,0.36
2003-05-27,0.37
2003-05-28,0.35
2003-05-29,0.38
2003-05-30,0.37
2003-06-02,0.36
2003-06-03,0.37
2003-06-04,0.37
2003-06-05,0.37
2003-06-09,0.36
2003-06-10,0.36
2003-06-11,0.35
2003-06-12,0.34
2003-06-13,0.36
2003-06-16,0.39
2003-06-17,0.39
2003-06-18,0.4
2003-06-19,0.41
2003-06-20,0.41
2003-06-23,0.4
2003-06-24,0.44
2003-06-25,0.44
2003-06-26,0.44
2003-06-27,0.45
2003-06-30,0.45
2003-07-01,0.46
2003-07-02,0.46
2003-07-03,0.47
2003-07-04,0.45
2003-07-07,0.46
2003-07-08,0.45
2003-07-09,0.46
2003-07-10,0.53
2003-07-11,0.58
2003-07-14,0.67
2003-07-15,0.68
2003-07-16,0.65
2003-07-18,0.66
2003-07-21,0.68
2003-07-22,0.69
2003-07-23,0.7
2003-07-24,0.67
2003-07-25,0.67
2003-07-28,0.62
2003-07-29,0.56
2003-07-30,0.62
2003-07-31,0.66
2003-08-01,0.64
2003-08-04,0.67
2003-08-05,0.66
2003-08-06,0.66
2003-08-07,0.65
2003-08-08,0.59
2003-08-11,0.59
2003-08-12,0.56
2003-08-13,0.58
2003-08-14,0.58
2003-08-18,0.67
2003-08-19,0.68
2003-08-20,0.69
2003-08-21,0.69
2003-08-22,0.68
2003-08-25,0.67
2003-08-26,0.66
2003-08-27,0.65
2003-08-28,0.65
2003-08-29,0.59
2003-09-01,0.61
2003-09-02,0.6
2003-09-03,0.59
2003-09-04,0.49
2003-09-05,0.49
2003-09-08,0.49
2003-09-09,0.49
2003-09-15,0.53
2003-09-16,0.54
2003-09-17,0.55
2003-09-18,0.55
2003-09-19,0.52
2003-09-22,0.5
2003-09-23,0.47
2003-09-24,0.48
2003-09-25,0.49
2003-09-26,0.51
2003-09-29,0.55
2003-09-30,0.55
2003-10-01,0.55
2003-10-02,0.56
2003-10-06,0.56
2003-10-07,0.54
2003-10-08,0.55
2003-10-09,0.55
2003-10-10,0.57
2003-10-13,0.58
2003-10-14,0.58
2003-10-15,0.59
2003-10-16,0.59
2003-10-17,0.58
2003-10-20,0.59
2003-10-21,0.61
2003-10-22,0.61
2003-10-23,0.64
2003-10-24,0.63
2003-10-27,0.63
2003-10-28,0.64
2003-10-29,0.63
2003-10-30,0.6
2003-10-31,0.61
2003-11-03,0.62
2003-11-04,0.6
2003-11-05,0.6
2003-11-06,0.61
2003-11-07,0.59
2003-11-10,0.6
2003-11-11,0.59
2003-11-12,0.56
2003-11-13,0.52
2003-11-14,0.5
2003-11-17,0.57
2003-11-18,0.56
2003-11-19,0.58
2003-11-20,0.54
2003-11-21,0.58
2003-11-24,0.58
2003-11-25,0.59
2003-11-26,0.59
2003-11-27,0.57
2003-11-28,0.55
2003-12-01,0.51
2003-12-02,0.52
2003-12-03,0.49
2003-12-04,0.49
2003-12-05,0.51
2003-12-08,0.55
2003-12-09,0.55
2003-12-10,0.55
2003-12-11,0.57
2003-12-12,0.56
2003-12-15,0.54
2003-12-16,0.59
2003-12-17,0.59
2003-12-18,0.59
2003-12-19,0.6
2003-12-22,0.59
2003-12-23,0.59
2003-12-24,0.59
2003-12-26,0.59
2003-12-29,0.59
2003-12-30,0.56
2003-12-31,0.56
2004-01-02,0.56
2004-01-05,0.55
2004-01-06,0.55
2004-01-07,0.54
2004-01-08,0.53
2004-01-09,0.48
2004-01-12,0.5
2004-01-13,0.5
2004-01-14,0.51
2004-01-15,0.51
2004-01-16,0.5
2004-01-19,0.56
2004-01-20,0.55
2004-01-26,0.56
2004-01-27,0.57
2004-01-28,0.57
2004-01-29,0.57
2004-01-30,0.56
2004-02-02,0.55
2004-02-03,0.56
2004-02-04,0.57
2004-02-05,0.57
2004-02-06,0.54
2004-02-09,0.55
2004-02-10,0.56
2004-02-11,0.58
2004-02-12,0.59
2004-02-13,0.59
2004-02-16,0.64
2004-02-17,0.65
2004-02-18,0.65
2004-02-19,0.65
2004-02-20,0.65
2004-02-23,0.64
2004-02-24,0.65
2004-02-25,0.65
2004-02-26,0.66
2004-02-27,0.65
2004-03-02,0.64
2004-03-03,0.62
2004-03-04,0.62
2004-03-05,0.62
2004-03-08,0.62
2004-03-09,0.63
2004-03-10,0.63
2004-03-11,0.63
2004-03-12,0.64
2004-03-15,0.66
2004-03-16,0.67
2004-03-17,0.69
2004-03-18,0.71
2004-03-19,0.71
2004-03-22,0.73
2004-03-23,0.71
2004-03-24,0.7
2004-03-25,0.69
2004-03-26,0.71
2004-03-29,0.71
2004-03-30,0.72
2004-03-31,0.71
2004-04-01,0.72
2004-04-02,0.72
2004-04-06,0.69
2004-04-07,0.69
2004-04-08,0.69
2004-04-09,0.7
2004-04-12,0.7
2004-04-13,0.7
2004-04-14,0.68
2004-04-16,0.69
2004-04-19,0.71
2004-04-20,0.71
2004-04-21,0.71
2004-04-22,0.71
2004-04-23,0.71
2004-04-26,0.71
2004-04-27,0.72
2004-04-28,0.72
2004-04-29,0.73
2004-04-30,0.75
2004-05-03,0.74
2004-05-04,0.74
2004-05-06,0.76
2004-05-07,0.76
2004-05-10,0.77
2004-05-11,0.77
2004-05-12,0.78
2004-05-13,0.78
2004-05-14,0.76
2004-05-17,0.77
2004-05-18,0.77
2004-05-19,0.77
2004-05-20,0.77
2004-05-21,0.77
2004-05-24,0.78
2004-05-25,0.81
2004-05-27,0.8
2004-05-28,0.77
2004-05-31,0.71
2004-06-01,0.7
2004-06-02,0.7
2004-06-03,0.7
2004-06-04,0.69
2004-06-07,0.68
2004-06-08,0.68
2004-06-09,0.7
2004-06-10,0.71
2004-06-11,0.71
2004-06-14,0.71
2004-06-15,0.72
2004-06-16,0.73
2004-06-17,0.72
2004-06-18,0.71
2004-06-21,0.8
2004-06-22,0.81
2004-06-23,0.81
2004-06-24,0.8
2004-06-25,0.78
2004-06-28,0.78
2004-06-29,0.77
2004-06-30,0.73
2004-07-01,0.71
2004-07-02,0.71
2004-07-05,0.69
2004-07-06,0.69
2004-07-07,0.69
2004-07-08,0.69
2004-07-09,0.69
2004-07-12,0.71
2004-07-13,0.71
2004-07-14,0.72
2004-07-15,0.72
2004-07-16,0.72
2004-07-19,0.73
2004-07-20,0.71
2004-07-21,0.71
2004-07-22,0.71
2004-07-23,0.71
2004-07-26,0.67
2004-07-27,0.65
2004-07-28,0.64
2004-07-29,0.61
2004-07-30,0.61
2004-08-02,0.58
2004-08-03,0.54
2004-08-04,0.49
2004-08-05,0.52
2004-08-06,0.51
2004-08-09,0.49
2004-08-10,0.46
2004-08-11,0.44
2004-08-12,0.44
2004-08-13,0.45
2004-08-16,0.48
2004-08-17,0.48
2004-08-18,0.48
2004-08-19,0.51
2004-08-20,0.53
2004-08-23,0.53
2004-08-24,0.54
2004-08-25,0.51
2004-08-26,0.52
2004-08-27,0.54
2004-08-30,0.55
2004-08-31,0.55
2004-09-01,0.56
2004-09-02,0.55
2004-09-03,0.54
2004-09-06,0.53
2004-09-07,0.52
2004-09-08,0.52
2004-09-09,0.53
2004-09-10,0.55
2004-09-13,0.57
2004-09-14,0.59
2004-09-15,0.61
2004-09-16,0.62
2004-09-17,0.59
2004-09-20,0.57
2004-09-21,0.53
2004-09-22,0.52
2004-09-23,0.49
2004-09-24,0.49
2004-09-30,0.49
2004-10-01,0.48
2004-10-04,0.46
2004-10-05,0.47
2004-10-06,0.48
2004-10-07,0.51
2004-10-08,0.54
2004-10-11,0.54
2004-10-12,0.54
2004-10-13,0.54
2004-10-14,0.51
2004-10-15,0.5
2004-10-18,0.52
2004-10-19,0.53
2004-10-20,0.53
2004-10-21,0.52
2004-10-22,0.5
2004-10-25,0.5
2004-10-26,0.5
2004-10-27,0.5
2004-10-28,0.49
2004-10-29,0.5
2004-11-01,0.5
2004-11-02,0.49
2004-11-03,0.5
2004-11-04,0.5
2004-11-05,0.5
2004-11-08,0.48
2004-11-09,0.48
2004-11-10,0.5
2004-11-11,0.51
2004-11-12,0.52
2004-11-15,0.52
2004-11-16,0.53
2004-11-17,0.54
2004-11-18,0.57
2004-11-19,0.58
2004-11-22,0.59
2004-11-23,0.6
2004-11-24,0.6
2004-11-25,0.6
2004-11-26,0.6
2004-11-29,0.62
2004-11-30,0.62
2004-12-01,0.63
2004-12-02,0.63
2004-12-03,0.64
2004-12-06,0.62
2004-12-07,0.63
2004-12-08,0.62
2004-12-09,0.6
2004-12-10,0.6
2004-12-13,0.6
2004-12-14,0.58
2004-12-15,0.56
2004-12-16,0.56
2004-12-17,0.56
2004-12-20,0.56
2004-12-21,0.55
2004-12-22,0.54
2004-12-23,0.54
2004-12-24,0.54
2004-12-27,0.54
2004-12-28,0.54
2004-12-29,0.54
2004-12-30,0.54
2004-12-31,0.53
2005-01-03,0.55
2005-01-04,0.62
2005-01-05,0.66
2005-01-06,0.76
2005-01-07,0.77
2005-01-10,0.81
2005-01-11,0.87
2005-01-12,0.87
2005-01-13,0.8
2005-01-14,0.8
2005-01-17,0.86
2005-01-18,0.8
2005-01-19,0.76
2005-01-20,0.73
2005-01-21,0.74
2005-01-24,0.77
2005-01-25,0.8
2005-01-26,0.82
2005-01-27,0.8
2005-01-28,0.81
2005-01-31,0.79
2005-02-01,0.77
2005-02-02,0.78
2005-02-03,0.74
2005-02-04,0.73
2005-02-07,0.72
2005-02-11,0.65
2005-02-14,0.66
2005-02-15,0.66
2005-02-16,0.69
2005-02-17,0.67
2005-02-18,0.67
2005-02-21,0.67
2005-02-22,0.66
2005-02-23,0.65
2005-02-24,0.67
2005-02-25,0.69
2005-02-28,0.7
2005-03-02,0.69
2005-03-03,0.69
2005-03-04,0.69
2005-03-07,0.7
2005-03-08,0.7
2005-03-09,0.67
2005-03-10,0.68
2005-03-11,0.68
2005-03-14,0.69
2005-03-15,0.69
2005-03-16,0.69
2005-03-17,0.71
2005-03-18,0.71
2005-03-21,0.72
2005-03-22,0.73
2005-03-23,0.76
2005-03-24,0.78
2005-03-25,0.81
2005-03-28,0.82
2005-03-29,0.84
2005-03-30,0.82
2005-03-31,0.83
2005-04-01,0.82
2005-04-04,0.8
2005-04-06,0.79
2005-04-07,0.8
2005-04-08,0.79
2005-04-11,0.79
2005-04-12,0.8
2005-04-13,0.83
2005-04-14,0.84
2005-04-15,0.83
2005-04-18,0.87
2005-04-19,0.88
2005-04-20,0.86
2005-04-21,0.84
2005-04-22,0.85
2005-04-25,0.85
2005-04-26,0.84
2005-04-27,0.84
2005-04-28,0.84
2005-04-29,0.83
2005-05-02,0.79
2005-05-03,0.77
2005-05-04,0.76
2005-05-06,0.76
2005-05-09,0.76
2005-05-10,0.76
2005-05-11,0.76
2005-05-12,0.75
2005-05-13,0.72
2005-05-16,0.71
2005-05-17,0.71
2005-05-18,0.71
2005-05-19,0.7
2005-05-20,0.69
2005-05-23,0.69
2005-05-24,0.68
2005-05-25,0.68
2005-05-26,0.65
2005-05-27,0.63
2005-05-30,0.63
2005-05-31,0.64
2005-06-01,0.64
2005-06-02,0.62
2005-06-03,0.59
2005-06-07,0.56
2005-06-08,0.55
2005-06-09,0.55
2005-06-10,0.55
2005-06-13,0.6
2005-06-14,0.64
2005-06-15,0.69
2005-06-16,0.69
2005-06-17,0.69
2005-06-20,0.71
2005-06-21,0.71
2005-06-22,0.74
2005-06-23,0.74
2005-06-24,0.74
2005-06-27,0.74
2005-06-28,0.74
2005-06-29,0.75
2005-06-30,0.76
2005-07-01,0.77
2005-07-04,0.74
2005-07-05,0.75
2005-07-06,0.75
2005-07-07,0.74
2005-07-08,0.73
2005-07-11,0.74
2005-07-12,0.76
2005-07-13,0.76
2005-07-14,0.76
2005-07-15,0.79
2005-07-18,0.8
2005-07-19,0.82
2005-07-20,0.82
2005-07-21,0.82
2005-07-22,0.8
2005-07-25,0.79
2005-07-26,0.8
2005-07-27,0.8
2005-07-28,0.8
2005-07-29,0.79
2005-08-01,0.76
2005-08-02,0.75
2005-08-03,0.76
2005-08-04,0.76
2005-08-05,0.74
2005-08-08,0.76
2005-08-09,0.78
2005-08-10,0.76
2005-08-11,0.76
2005-08-12,0.77
2005-08-16,0.78
2005-08-17,0.77
2005-08-18,0.76
2005-08-19,0.75
2005-08-22,0.75
2005-08-23,0.74
2005-08-24,0.74
2005-08-25,0.73
2005-08-26,0.7
2005-08-29,0.69
2005-08-30,0.67
2005-08-31,0.67
2005-09-01,0.68
2005-09-02,0.68
2005-09-05,0.67
2005-09-06,0.66
2005-09-07,0.68
2005-09-08,0.64
2005-09-09,0.65
2005-09-12,0.63
2005-09-13,0.63
2005-09-14,0.63
2005-09-15,0.66
2005-09-16,0.65
2005-09-20,0.67
2005-09-21,0.67
2005-09-22,0.66
2005-09-23,0.64
2005-09-26,0.61
2005-09-27,0.57
2005-09-28,0.52
2005-09-29,0.5
2005-09-30,0.51
2005-10-04,0.55
2005-10-05,0.55
2005-10-06,0.56
2005-10-07,0.54
2005-10-10,0.54
2005-10-11,0.54
2005-10-12,0.54
2005-10-13,0.56
2005-10-14,0.56
2005-10-17,0.61
2005-10-18,0.61
2005-10-19,0.6
2005-10-20,0.59
2005-10-21,0.58
2005-10-24,0.55
2005-10-25,0.54
2005-10-26,0.53
2005-10-27,0.53
2005-10-28,0.53
2005-10-31,0.54
2005-11-01,0.54
2005-11-02,0.54
2005-11-03,0.55
2005-11-04,0.54
2005-11-07,0.53
2005-11-08,0.55
2005-11-09,0.56
2005-11-10,0.6
2005-11-11,0.63
2005-11-14,0.63
2005-11-15,0.63
2005-11-16,0.63
2005-11-17,0.61
2005-11-18,0.6
2005-11-21,0.61
2005-11-22,0.6
2005-11-23,0.61
2005-11-24,0.6
2005-11-25,0.6
2005-11-28,0.59
2005-11-29,0.59
2005-11-30,0.59
2005-12-01,0.59
2005-12-02,0.58
2005-12-05,0.57
2005-12-06,0.57
2005-12-07,0.56
2005-12-08,0.54
2005-12-09,0.52
2005-12-12,0.53
2005-12-13,0.52
2005-12-14,0.53
2005-12-15,0.52
2005-12-16,0.52
2005-12-19,0.51
2005-12-20,0.5
2005-12-21,0.5
2005-12-22,0.51
2005-12-23,0.53
2005-12-26,0.54
2005-12-27,0.54
2005-12-28,0.55
2005-12-29,0.54
2005-12-30,0.54
2006-01-02,0.56
2006-01-03,0.56
2006-01-04,0.56
2006-01-05,0.59
2006-01-06,0.6
2006-01-09,0.6
2006-01-10,0.59
2006-01-11,0.59
2006-01-12,0.56
2006-01-13,0.56
2006-01-16,0.56
2006-01-17,0.56
2006-01-18,0.54
2006-01-19,0.54
2006-01-20,0.54
2006-01-23,0.54
2006-01-24,0.54
2006-01-25,0.54
2006-01-26,0.52
2006-01-27,0.52
2006-01-31,0.52
2006-02-01,0.49
2006-02-02,0.49
2006-02-03,0.48
2006-02-06,0.47
2006-02-07,0.47
2006-02-08,0.47
2006-02-09,0.43
2006-02-10,0.42
2006-02-13,0.42
2006-02-14,0.41
2006-02-15,0.39
2006-02-16,0.39
2006-02-17,0.4
2006-02-20,0.39
2006-02-21,0.38
2006-02-22,0.37
2006-02-23,0.36
2006-02-24,0.35
2006-02-27,0.35
2006-02-28,0.35
2006-03-02,0.38
2006-03-03,0.4
2006-03-06,0.43
2006-03-07,0.45
2006-03-08,0.45
2006-03-09,0.45
2006-03-10,0.43
2006-03-13,0.46
2006-03-14,0.47
2006-03-15,0.49
2006-03-16,0.52
2006-03-17,0.53
2006-03-20,0.56
2006-03-21,0.55
2006-03-22,0.55
2006-03-23,0.55
2006-03-24,0.55
2006-03-27,0.55
2006-03-28,0.54
2006-03-29,0.53
2006-03-30,0.52
2006-03-31,0.51
2006-04-03,0.51
2006-04-04,0.51
2006-04-05,0.51
2006-04-06,0.5
2006-04-07,0.5
2006-04-10,0.51
2006-04-11,0.52
2006-04-12,0.53
2006-04-13,0.53
2006-04-14,0.54
2006-04-17,0.53
2006-04-18,0.51
2006-04-19,0.49
2006-04-20,0.49
2006-04-21,0.48
2006-04-24,0.48
2006-04-25,0.48
2006-04-26,0.46
2006-04-27,0.46
2006-04-28,0.44
2006-05-02,0.44
2006-05-03,0.43
2006-05-04,0.42
2006-05-08,0.42
2006-05-09,0.41
2006-05-10,0.41
2006-05-11,0.41
2006-05-12,0.41
2006-05-15,0.42
2006-05-16,0.43
2006-05-17,0.44
2006-05-18,0.45
2006-05-19,0.44
2006-05-22,0.43
2006-05-23,0.43
2006-05-24,0.44
2006-05-25,0.43
2006-05-26,0.43
2006-05-29,0.43
2006-05-30,0.43
2006-06-01,0.43
2006-06-02,0.43
2006-06-05,0.43
2006-06-07,0.42
2006-06-08,0.38
2006-06-09,0.35
2006-06-12,0.35
2006-06-13,0.35
2006-06-14,0.36
2006-06-15,0.36
2006-06-16,0.36
2006-06-19,0.36
2006-06-20,0.37
2006-06-21,0.35
2006-06-22,0.34
2006-06-23,0.32
2006-06-26,0.31
2006-06-27,0.3
2006-06-28,0.3
2006-06-29,0.29
2006-06-30,0.28
2006-07-03,0.27
2006-07-04,0.29
2006-07-05,0.32
2006-07-06,0.33
2006-07-07,0.32
2006-07-10,0.31
2006-07-11,0.3
2006-07-12,0.28
2006-07-13,0.27
2006-07-14,0.28
2006-07-18,0.27
2006-07-19,0.26
2006-07-20,0.26
2006-07-21,0.26
2006-07-24,0.25
2006-07-25,0.23
2006-07-26,0.23
2006-07-27,0.23
2006-07-28,0.22
2006-07-31,0.22
2006-08-01,0.18
2006-08-02,0.18
2006-08-03,0.19
2006-08-04,0.19
2006-08-07,0.2
2006-08-08,0.2
2006-08-09,0.21
2006-08-10,0.18
2006-08-11,0.13
2006-08-14,0.13
2006-08-16,0.15
2006-08-17,0.12
2006-08-18,0.11
2006-08-21,0.12
2006-08-22,0.13
2006-08-23,0.14
2006-08-24,0.15
2006-08-25,0.15
2006-08-28,0.16
2006-08-29,0.18
2006-08-30,0.2
2006-08-31,0.2
2006-09-01,0.17
2006-09-04,0.17
2006-09-05,0.17
2006-09-06,0.18
2006-09-07,0.17
2006-09-08,0.17
2006-09-11,0.18
2006-09-12,0.18
2006-09-13,0.19
2006-09-14,0.19
2006-09-15,0.2
2006-09-18,0.22
2006-09-19,0.22
2006-09-20,0.23
2006-09-21,0.23
2006-09-22,0.23
2006-09-25,0.24
2006-09-26,0.24
2006-09-27,0.23
2006-09-28,0.22
2006-09-29,0.16
2006-10-02,0.16
2006-10-04,0.15
2006-10-09,0.14
2006-10-10,0.14
2006-10-11,0.15
2006-10-12,0.16
2006-10-13,0.17
2006-10-16,0.18
2006-10-17,0.19
2006-10-18,0.19
2006-10-19,0.18
2006-10-20,0.18
2006-10-23,0.18
2006-10-24,0.18
2006-10-25,0.18
2006-10-26,0.18
2006-10-27,0.18
2006-10-30,0.2
2006-10-31,0.2
2006-11-01,0.21
2006-11-02,0.19
2006-11-03,0.19
2006-11-06,0.2
2006-11-07,0.2
2006-11-08,0.19
2006-11-09,0.17
2006-11-10,0.17
2006-11-13,0.17
2006-11-14,0.17
2006-11-15,0.17
2006-11-16,0.17
2006-11-17,0.18
2006-11-20,0.18
2006-11-21,0.18
2006-11-22,0.19
2006-11-23,0.19
2006-11-24,0.19
2006-11-27,0.18
2006-11-28,0.17
2006-11-29,0.16
2006-11-30,0.16
2006-12-01,0.16
2006-12-04,0.15
2006-12-05,0.11
2006-12-06,0.11
2006-12-07,0.12
2006-12-08,0.12
2006-12-11,0.15
2006-12-12,0.13
2006-12-13,0.13
2006-12-14,0.13
2006-12-15,0.13
2006-12-18,0.13
2006-12-19,0.13
2006-12-20,0.14
2006-12-21,0.15
2006-12-22,0.15
2006-12-26,0.15
2006-12-27,0.14
2006-12-28,0.14
2006-12-29,0.14
2007-01-02,0.13
2007-01-03,0.12
2007-01-04,0.12
2007-01-05,0.12
2007-01-08,0.11
2007-01-09,0.08
2007-01-10,0.07
2007-01-11,0.05
2007-01-12,0.05
2007-01-15,0.05
2007-01-16,0.06
2007-01-17,0.06
2007-01-18,0.08
2007-01-19,0.09
2007-01-22,0.09
2007-01-23,0.09
2007-01-24,0.08
2007-01-25,0.07
2007-01-26,0.04
2007-01-29,0.04
2007-01-30,0.04
2007-01-31,0.04
2007-02-01,0.07
2007-02-02,0.13
2007-02-05,0.16
2007-02-06,0.13
2007-02-07,0.11
2007-02-08,0.09
2007-02-09,0.09
2007-02-12,0.09
2007-02-13,0.09
2007-02-14,0.08
2007-02-15,0.08
2007-02-16,0.09
2007-02-20,0.1
2007-02-21,0.1
2007-02-22,0.09
2007-02-23,0.09
2007-02-26,0.1
2007-02-27,0.1
2007-02-28,0.1
2007-03-02,0.1
2007-03-05,0.13
2007-03-06,0.13
2007-03-07,0.12
2007-03-08,0.12
2007-03-09,0.13
2007-03-12,0.13
2007-03-13,0.13
2007-03-14,0.13
2007-03-15,0.14
2007-03-16,0.14
2007-03-19,0.14
2007-03-20,0.14
2007-03-21,0.14
2007-03-22,0.17
2007-03-23,0.19
2007-03-26,0.18
2007-03-27,0.18
2007-03-28,0.17
2007-03-29,0.17
2007-03-30,0.17
2007-04-02,0.17
2007-04-03,0.16
2007-04-04,0.15
2007-04-05,0.15
2007-04-06,0.14
2007-04-09,0.14
2007-04-10,0.15
2007-04-11,0.14
2007-04-12,0.14
2007-04-13,0.14
2007-04-16,0.13
2007-04-17,0.13
2007-04-18,0.14
2007-04-19,0.14
2007-04-20,0.13
2007-04-23,0.13
2007-04-24,0.12
2007-04-25,0.11
2007-04-26,0.1
2007-04-27,0.1
2007-04-30,0.1
2007-05-02,0.1
2007-05-03,0.1
2007-05-04,0.11
2007-05-07,0.11
2007-05-08,0.11
2007-05-09,0.12
2007-05-10,0.12
2007-05-11,0.12
2007-05-14,0.12
2007-05-15,0.11
2007-05-16,0.11
2007-05-17,0.11
2007-05-18,0.11
2007-05-21,0.11
2007-05-22,0.1
2007-05-23,0.12
2007-05-25,0.13
2007-05-28,0.14
2007-05-29,0.14
2007-05-30,0.14
2007-05-31,0.15
2007-06-01,0.15
2007-06-04,0.14
2007-06-05,0.14
2007-06-07,0.14
2007-06-08,0.16
2007-06-11,0.2
2007-06-12,0.23
2007-06-13,0.24
2007-06-14,0.24
2007-06-15,0.24
2007-06-18,0.25
2007-06-19,0.25
2007-06-20,0.27
2007-06-21,0.33
2007-06-22,0.33
2007-06-25,0.33
2007-06-26,0.32
2007-06-27,0.3
2007-06-28,0.26
2007-06-29,0.25
2007-07-02,0.25
2007-07-03,0.24
2007-07-04,0.23
2007-07-05,0.23
2007-07-06,0.22
2007-07-09,0.2
2007-07-10,0.2
2007-07-11,0.16
2007-07-12,0.18
2007-07-13,0.17
2007-07-16,0.17
2007-07-18,0.16
2007-07-19,0.16
2007-07-20,0.16
2007-07-23,0.16
2007-07-24,0.15
2007-07-25,0.14
2007-07-26,0.13
2007-07-27,0.13
2007-07-30,0.14
2007-07-31,0.15
2007-08-01,0.15
2007-08-02,0.15
2007-08-03,0.15
2007-08-06,0.15
2007-08-07,0.16
2007-08-08,0.16
2007-08-09,0.15
2007-08-10,0.09
2007-08-13,0.1
2007-08-14,0.1
2007-08-16,0.1
2007-08-17,0.11
2007-08-20,0.12
2007-08-21,0.12
2007-08-22,0.14
2007-08-23,0.14
2007-08-24,0.15
2007-08-27,0.15
2007-08-28,0.16
2007-08-29,0.16
2007-08-30,0.16
2007-08-31,0.14
2007-09-03,0.13
2007-09-04,0.12
2007-09-05,0.13
2007-09-06,0.14
2007-09-07,0.14
2007-09-10,0.12
2007-09-11,0.12
2007-09-12,0.12
2007-09-13,0.12
2007-09-14,0.12
2007-09-17,0.13
2007-09-18,0.12
2007-09-19,0.13
2007-09-20,0.13
2007-09-21,0.14
2007-09-27,0.14
2007-09-28,0.14
2007-10-01,0.14
2007-10-02,0.15
2007-10-04,0.15
2007-10-05,0.15
2007-10-08,0.14
2007-10-09,0.14
2007-10-10,0.14
2007-10-11,0.14
2007-10-12,0.13
2007-10-15,0.13
2007-10-16,0.13
2007-10-17,0.13
2007-10-18,0.14
2007-10-19,0.14
2007-10-22,0.14
2007-10-23,0.14
2007-10-24,0.14
2007-10-25,0.14
2007-10-26,0.14
2007-10-29,0.14
2007-10-30,0.13
2007-10-31,0.13
2007-11-01,0.13
2007-11-02,0.12
2007-11-05,0.12
2007-11-06,0.12
2007-11-07,0.11
2007-11-08,0.1
2007-11-09,0.09
2007-11-12,0.1
2007-11-13,0.09
2007-11-14,0.08
2007-11-15,0.07
2007-11-16,0.07
2007-11-19,0.1
2007-11-20,0.1
2007-11-21,0.1
2007-11-22,0.1
2007-11-23,0.1
2007-11-26,0.06
2007-11-27,0.03
2007-11-28,-0.06
2007-11-29,-0.13
2007-11-30,-0.08
2007-12-03,-0.06
2007-12-04,-0.05
2007-12-05,-0.1
2007-12-06,-0.1
2007-12-07,-0.11
2007-12-10,-0.07
2007-12-11,-0.07
2007-12-12,-0.08
2007-12-13,-0.07
2007-12-14,-0.07
2007-12-17,-0.09
2007-12-18,-0.08
2007-12-20,-0.05
2007-12-21,-0.05
2007-12-24,-0.04
2007-12-26,-0.03
2007-12-27,-0.04
2007-12-28,-0.04
2007-12-31,-0.04
2008-01-02,-0.05
2008-01-03,-0.03
2008-01-04,0.0
2008-01-07,0.06
2008-01-08,0.09
2008-01-09,0.14
2008-01-10,0.16
2008-01-11,0.17
2008-01-14,0.18
2008-01-15,0.14
2008-01-16,0.1
2008-01-17,0.06
2008-01-18,0.07
2008-01-21,0.06
2008-01-22,0.11
2008-01-23,0.22
2008-01-24,0.21
2008-01-25,0.2
2008-01-28,0.18
2008-01-29,0.18
2008-01-30,0.18
2008-01-31,0.2
2008-02-01,0.2
2008-02-04,0.19
2008-02-05,0.19
2008-02-11,0.19
2008-02-12,0.2
2008-02-13,0.2
2008-02-14,0.2
2008-02-15,0.2
2008-02-18,0.22
2008-02-19,0.22
2008-02-20,0.22
2008-02-21,0.23
2008-02-22,0.25
2008-02-25,0.23
2008-02-26,0.23
2008-02-27,0.24
2008-02-28,0.25
2008-02-29,0.26
2008-03-03,0.27
2008-03-04,0.26
2008-03-05,0.27
2008-03-06,0.28
2008-03-07,0.27
2008-03-10,0.24
2008-03-11,0.2
2008-03-12,0.19
2008-03-13,0.17
2008-03-14,0.16
2008-03-17,0.15
2008-03-18,0.19
2008-03-19,0.21
2008-03-20,0.2
2008-03-21,0.22
2008-03-24,0.21
2008-03-25,0.2
2008-03-26,0.2
2008-03-27,0.2
2008-03-28,0.19
2008-03-31,0.19
2008-04-01,0.14
2008-04-02,0.14
2008-04-03,0.13
2008-04-04,0.13
2008-04-07,0.14
2008-04-08,0.16
2008-04-10,0.18
2008-04-11,0.18
2008-04-14,0.19
2008-04-15,0.19
2008-04-16,0.19
2008-04-17,0.19
2008-04-18,0.18
2008-04-21,0.19
2008-04-22,0.2
2008-04-23,0.21
2008-04-24,0.22
2008-04-25,0.22
2008-04-28,0.23
2008-04-29,0.24
2008-04-30,0.26
2008-05-02,0.26
2008-05-06,0.26
2008-05-07,0.24
2008-05-08,0.21
2008-05-09,0.2
2008-05-13,0.18
2008-05-14,0.18
2008-05-15,0.17
2008-05-16,0.18
2008-05-19,0.19
2008-05-20,0.22
2008-05-21,0.21
2008-05-22,0.23
2008-05-23,0.23
2008-05-26,0.25
2008-05-27,0.26
2008-05-28,0.25
2008-05-29,0.25
2008-05-30,0.24
2008-06-02,0.23
2008-06-03,0.27
2008-06-04,0.26
2008-06-05,0.26
2008-06-09,0.25
2008-06-10,0.23
2008-06-11,0.21
2008-06-12,0.19
2008-06-13,0.17
2008-06-16,0.17
2008-06-17,0.18
2008-06-18,0.18
2008-06-19,0.17
2008-06-20,0.16
2008-06-23,0.15
2008-06-24,0.15
2008-06-25,0.15
2008-06-26,0.16
2008-06-27,0.15
2008-06-30,0.15
2008-07-01,0.15
2008-07-02,0.15
2008-07-03,0.14
2008-07-04,0.14
2008-07-07,0.14
2008-07-08,0.12
2008-07-09,0.08
2008-07-10,0.08
2008-07-11,-0.03
2008-07-14,-0.06
2008-07-15,-0.06
2008-07-16,-0.09
2008-07-17,-0.05
2008-07-18,-0.01
2008-07-21,0.01
2008-07-22,0.03
2008-07-23,0.08
2008-07-24,0.09
2008-07-25,0.11
2008-07-28,0.11
2008-07-29,0.12
2008-07-30,0.12
2008-07-31,0.12
2008-08-01,0.13
2008-08-04,0.11
2008-08-05,0.1
2008-08-06,0.09
2008-08-07,0.08
2008-08-08,0.06
2008-08-11,0.06
2008-08-12,0.06
2008-08-13,0.08
2008-08-14,0.12
2008-08-18,0.16
2008-08-19,0.18
2008-08-20,0.19
2008-08-21,0.2
2008-08-22,0.2
2008-08-25,0.19
2008-08-26,0.19
2008-08-27,0.19
2008-08-28,0.19
2008-08-29,0.19
2008-09-01,0.19
2008-09-02,0.17
2008-09-03,0.18
2008-09-04,0.17
2008-09-05,0.16
2008-09-08,0.15
2008-09-09,0.15
2008-09-10,0.16
2008-09-11,0.17
2008-09-12,0.19
2008-09-16,0.24
2008-09-17,0.23
2008-09-18,0.21
2008-09-19,0.2
2008-09-22,0.19
2008-09-23,0.18
2008-09-24,0.17
2008-09-25,0.17
2008-09-26,0.14
2008-09-29,0.13
2008-09-30,0.12
2008-10-01,0.12
2008-10-02,0.12
2008-10-06,0.12
2008-10-07,0.12
2008-10-08,0.12
2008-10-09,0.14
2008-10-10,0.17
2008-10-13,0.2
2008-10-14,0.22
2008-10-15,0.3
2008-10-16,0.33
2008-10-17,0.45
2008-10-20,0.47
2008-10-21,0.49
2008-10-22,0.57
2008-10-23,0.58
2008-10-24,0.63
2008-10-27,0.7
2008-10-28,0.76
2008-10-29,0.99
2008-10-30,1.11
2008-10-31,1.02
2008-11-03,0.87
2008-11-04,0.83
2008-11-05,0.82
2008-11-06,0.78
2008-11-07,0.71
2008-11-10,0.59
2008-11-11,0.6
2008-11-12,0.62
2008-11-13,0.61
2008-11-14,0.65
2008-11-17,0.68
2008-11-18,0.7
2008-11-19,0.75
2008-11-20,0.76
2008-11-21,0.82
2008-11-24,0.82
2008-11-25,0.83
2008-11-26,0.89
2008-11-27,0.88
2008-11-28,0.88
2008-12-01,0.93
2008-12-02,1.06
2008-12-03,1.09
2008-12-04,1.08
2008-12-05,1.06
2008-12-08,1.04
2008-12-09,1.05
2008-12-10,0.99
2008-12-11,0.95
2008-12-12,0.9
2008-12-15,0.84
2008-12-16,0.89
2008-12-17,0.9
2008-12-18,0.85
2008-12-19,0.76
2008-12-22,0.72
2008-12-23,0.72
2008-12-24,0.74
2008-12-26,0.77
2008-12-29,0.79
2008-12-30,0.81
2008-12-31,0.81
2009-01-02,0.83
2009-01-05,0.87
2009-01-06,0.9
2009-01-07,0.9
2009-01-08,0.9
2009-01-09,0.89
2009-01-12,0.89
2009-01-13,0.89
2009-01-14,0.92
2009-01-15,0.91
2009-01-16,0.92
2009-01-19,1.01
2009-01-20,1.04
2009-01-21,1.1
2009-01-22,1.11
2009-01-23,1.12
2009-01-28,1.15
2009-01-29,1.16
2009-01-30,1.12
2009-02-02,1.27
2009-02-03,1.36
2009-02-04,1.5
2009-02-05,1.52
2009-02-06,1.54
2009-02-09,1.55
2009-02-10,1.58
2009-02-11,1.61
2009-02-12,1.63
2009-02-13,1.62
2009-02-16,1.57
2009-02-17,1.54
2009-02-18,1.71
2009-02-19,1.59
2009-02-20,1.35
2009-02-23,1.32
2009-02-24,1.25
2009-02-25,1.17
2009-02-26,1.18
2009-02-27,1.24
2009-03-02,1.23
2009-03-03,1.3
2009-03-04,1.33
2009-03-05,1.36
2009-03-06,1.4
2009-03-09,1.4
2009-03-10,1.26
2009-03-11,1.22
2009-03-12,1.22
2009-03-13,1.16
2009-03-16,1.21
2009-03-17,1.23
2009-03-18,1.21
2009-03-19,1.24
2009-03-20,1.28
2009-03-23,1.39
2009-03-24,1.37
2009-03-25,1.36
2009-03-26,1.37
2009-03-27,1.32
2009-03-30,1.26
2009-03-31,1.23
2009-04-01,1.25
2009-04-02,1.19
2009-04-03,1.1
2009-04-06,1.14
2009-04-07,1.19
2009-04-08,1.19
2009-04-09,1.15
2009-04-10,1.16
2009-04-13,1.16
2009-04-14,1.21
2009-04-15,1.14
2009-04-16,1.1
2009-04-17,1.12
2009-04-20,1.12
2009-04-21,1.12
2009-04-22,1.12
2009-04-23,1.13
2009-04-24,1.15
2009-04-27,1.15
2009-04-28,1.06
2009-04-29,1.05
2009-04-30,1.1
2009-05-04,1.08
2009-05-06,1.08
2009-05-07,1.15
2009-05-08,1.17
2009-05-11,1.19
2009-05-12,1.19
2009-05-13,1.18
2009-05-14,1.2
2009-05-15,1.22
2009-05-18,1.24
2009-05-19,1.24
2009-05-20,1.24
2009-05-21,1.25
2009-05-22,1.23
2009-05-25,1.24
2009-05-26,1.26
2009-05-27,1.27
2009-05-28,1.3
2009-05-29,1.34
2009-06-01,1.34
2009-06-02,1.26
2009-06-03,1.23
2009-06-04,1.23
2009-06-05,1.25
2009-06-08,1.26
2009-06-09,1.27
2009-06-10,1.28
2009-06-11,1.26
2009-06-12,1.11
2009-06-15,1.11
2009-06-16,1.1
2009-06-17,1.08
2009-06-18,1.04
2009-06-19,1.08
2009-06-22,1.09
2009-06-23,1.13
2009-06-24,1.15
2009-06-25,1.09
2009-06-26,1.09
2009-06-29,1.05
2009-06-30,1.03
2009-07-01,1.0
2009-07-02,0.99
2009-07-03,1.0
2009-07-06,0.99
2009-07-07,1.01
2009-07-08,1.03
2009-07-09,1.04
2009-07-10,1.07
2009-07-13,1.08
2009-07-14,1.11
2009-07-15,1.16
2009-07-16,1.17
2009-07-17,1.16
2009-07-20,1.2
2009-07-21,1.19
2009-07-22,1.16
2009-07-23,1.1
2009-07-24,1.1
2009-07-27,1.1
2009-07-28,1.11
2009-07-29,1.13
2009-07-30,1.1
2009-07-31,1.07
2009-08-03,1.02
2009-08-04,1.02
2009-08-05,0.97
2009-08-06,0.94
2009-08-07,0.94
2009-08-10,0.97
2009-08-11,1.03
2009-08-12,1.01
2009-08-13,0.97
2009-08-14,0.92
2009-08-17,1.0
2009-08-18,0.98
2009-08-19,1.04
2009-08-20,1.08
2009-08-21,1.08
2009-08-24,1.12
2009-08-25,1.12
2009-08-26,1.08
2009-08-27,1.09
2009-08-28,1.09
2009-08-31,1.08
2009-09-01,1.08
2009-09-02,1.07
2009-09-03,1.06
2009-09-04,1.05
2009-09-07,1.04
2009-09-08,1.04
2009-09-09,1.05
2009-09-10,0.95
2009-09-11,0.94
2009-09-14,0.95
2009-09-15,0.93
2009-09-16,0.98
2009-09-17,0.95
2009-09-18,0.95
2009-09-21,0.94
2009-09-22,0.91
2009-09-23,0.9
2009-09-24,0.92
2009-09-25,0.92
2009-09-28,0.91
2009-09-29,0.91
2009-09-30,0.95
2009-10-01,0.96
2009-10-05,0.96
2009-10-06,0.93
2009-10-07,0.91
2009-10-08,0.88
2009-10-09,0.92
2009-10-12,0.98
2009-10-13,1.01
2009-10-14,1.02
2009-10-15,1.0
2009-10-16,0.96
2009-10-19,0.99
2009-10-20,0.98
2009-10-21,1.0
2009-10-22,1.0
2009-10-23,1.01
2009-10-26,1.01
2009-10-27,1.0
2009-10-28,1.0
2009-10-29,0.99
2009-10-30,0.99
2009-11-02,0.97
2009-11-03,0.97
2009-11-04,0.97
2009-11-05,0.97
2009-11-06,1.01
2009-11-09,1.01
2009-11-10,1.03
2009-11-11,1.05
2009-11-12,1.04
2009-11-13,1.11
2009-11-16,1.17
2009-11-17,1.16
2009-11-18,1.14
2009-11-19,1.11
2009-11-20,1.08
2009-11-23,1.08
2009-11-24,1.09
2009-11-25,1.09
2009-11-26,1.11
2009-11-27,1.19
2009-11-30,1.15
2009-12-01,1.17
2009-12-02,1.17
2009-12-03,1.16
2009-12-04,1.11
2009-12-07,1.08
2009-12-08,1.05
2009-12-09,1.07
2009-12-10,1.06
2009-12-11,1.08
2009-12-14,1.05
2009-12-15,1.07
2009-12-16,1.05
2009-12-17,1.06
2009-12-18,1.05
2009-12-21,1.09
2009-12-22,1.06
2009-12-23,1.06
2009-12-24,1.04
2009-12-28,1.03
2009-12-29,1.01
2009-12-30,0.98
2009-12-31,0.98
2010-01-04,0.99
2010-01-05,0.99
2010-01-06,0.95
2010-01-07,0.97
2010-01-08,1.0
2010-01-11,1.11
2010-01-12,1.12
2010-01-13,1.1
2010-01-14,1.11
2010-01-15,1.12
2010-01-18,1.11
2010-01-19,1.1
2010-01-20,1.1
2010-01-21,1.08
2010-01-22,1.09
2010-01-25,1.09
2010-01-26,1.1
2010-01-27,1.1
2010-01-28,1.07
2010-01-29,1.07
2010-02-01,1.06
2010-02-02,1.07
2010-02-03,1.08
2010-02-04,1.1
2010-02-05,1.1
2010-02-08,1.09
2010-02-09,1.09
2010-02-10,1.09
2010-02-11,1.13
2010-02-12,1.17
2010-02-16,1.18
2010-02-17,1.2
2010-02-18,1.19
2010-02-19,1.13
2010-02-22,1.1
2010-02-23,1.11
2010-02-24,1.08
2010-02-25,1.04
2010-02-26,1.04
2010-03-02,1.03
2010-03-03,1.02
2010-03-04,0.98
2010-03-05,0.94
2010-03-08,0.92
2010-03-09,0.93
2010-03-10,0.93
2010-03-11,0.92
2010-03-12,0.91
2010-03-15,0.92
2010-03-16,0.99
2010-03-17,0.99
2010-03-18,0.98
2010-03-19,0.93
2010-03-22,0.91
2010-03-23,0.91
2010-03-24,1.0
2010-03-25,1.04
2010-03-26,1.07
2010-03-29,1.06
2010-03-30,1.09
2010-03-31,1.06
2010-04-01,1.07
2010-04-02,1.09
2010-04-05,1.11
2010-04-06,1.1
2010-04-07,1.06
2010-04-08,1.07
2010-04-09,1.06
2010-04-12,1.09
2010-04-13,1.12
2010-04-14,1.11
2010-04-15,1.12
2010-04-16,1.13
2010-04-19,1.16
2010-04-20,1.18
2010-04-21,1.17
2010-04-22,1.17
2010-04-23,1.15
2010-04-26,1.15
2010-04-27,1.18
2010-04-28,1.21
2010-04-29,1.23
2010-04-30,1.21
2010-05-03,1.16
2010-05-04,1.15
2010-05-06,1.14
2010-05-07,1.2
2010-05-10,1.25
2010-05-11,1.26
2010-05-12,1.2
2010-05-13,1.19
2010-05-14,1.21
2010-05-17,1.26
2010-05-18,1.27
2010-05-19,1.27
2010-05-20,1.26
2010-05-24,1.3
2010-05-25,1.33
2010-05-26,1.35
2010-05-27,1.33
2010-05-28,1.33
2010-05-31,1.35
2010-06-01,1.32
2010-06-03,1.27
2010-06-04,1.23
2010-06-07,1.28
2010-06-08,1.27
2010-06-09,1.28
2010-06-10,1.28
2010-06-11,1.26
2010-06-14,1.23
2010-06-15,1.19
2010-06-16,1.18
2010-06-17,1.2
2010-06-18,1.19
2010-06-21,1.1
2010-06-22,1.09
2010-06-23,1.06
2010-06-24,1.08
2010-06-25,1.09
2010-06-28,1.04
2010-06-29,1.07
2010-06-30,1.09
2010-07-01,1.12
2010-07-02,1.09
2010-07-05,1.07
2010-07-06,1.07
2010-07-07,1.03
2010-07-08,1.02
2010-07-09,1.0
2010-07-12,0.99
2010-07-13,0.98
2010-07-14,0.96
2010-07-15,0.97
2010-07-16,0.99
2010-07-19,0.99
2010-07-20,0.99
2010-07-21,1.04
2010-07-22,1.07
2010-07-23,1.05
2010-07-26,1.01
2010-07-27,1.01
2010-07-28,1.01
2010-07-29,1.04
2010-07-30,1.04
2010-08-02,1.0
2010-08-03,0.98
2010-08-04,0.98
2010-08-05,0.97
2010-08-06,0.96
2010-08-09,0.93
2010-08-10,0.93
2010-08-11,0.97
2010-08-12,1.0
2010-08-13,1.02
2010-08-16,1.01
2010-08-17,0.99
2010-08-18,1.0
2010-08-19,0.93
2010-08-20,0.91
2010-08-23,0.91
2010-08-24,0.96
2010-08-25,0.97
2010-08-26,0.93
2010-08-27,0.87
2010-08-30,0.86
2010-08-31,0.83
2010-09-01,0.77
2010-09-02,0.78
2010-09-03,0.78
2010-09-06,0.8
2010-09-07,0.8
2010-09-08,0.76
2010-09-09,0.86
2010-09-10,0.84
2010-09-13,0.81
2010-09-14,0.84
2010-09-15,0.81
2010-09-16,0.8
2010-09-17,0.8
2010-09-20,0.8
2010-09-24,0.81
2010-09-27,0.82
2010-09-28,0.83
2010-09-29,0.79
2010-09-30,0.79
2010-10-01,0.74
2010-10-04,0.71
2010-10-05,0.69
2010-10-06,0.69
2010-10-07,0.69
2010-10-08,0.72
2010-10-11,0.78
2010-10-12,0.78
2010-10-13,0.79
2010-10-14,0.83
2010-10-15,0.87
2010-10-18,0.91
2010-10-19,0.88
2010-10-20,0.88
2010-10-21,0.89
2010-10-22,0.99
2010-10-25,1.01
2010-10-26,1.08
2010-10-27,1.09
2010-10-28,1.03
2010-10-29,1.11
2010-11-01,1.04
2010-11-02,1.04
2010-11-03,1.01
2010-11-04,1.0
2010-11-05,0.93
2010-11-08,1.02
2010-11-09,1.0
2010-11-10,0.99
2010-11-11,1.04
2010-11-12,1.08
2010-11-15,1.1
2010-11-16,1.14
2010-11-17,1.09
2010-11-18,1.11
2010-11-19,1.16
2010-11-22,1.11
2010-11-23,1.14
2010-11-24,1.14
2010-11-25,1.12
2010-11-26,1.17
2010-11-29,1.2
2010-11-30,1.19
2010-12-01,1.15
2010-12-02,1.19
2010-12-03,1.24
2010-12-06,1.21
2010-12-07,1.42
2010-12-08,1.29
2010-12-09,1.21
2010-12-10,1.22
2010-12-13,1.21
2010-12-14,1.18
2010-12-15,1.15
2010-12-16,1.2
2010-12-17,1.21
2010-12-20,1.2
2010-12-21,1.25
2010-12-22,1.28
2010-12-23,1.24
2010-12-24,1.21
2010-12-27,1.16
2010-12-28,1.16
2010-12-29,1.15
2010-12-30,1.14
2010-12-31,1.14
2011-01-03,1.07
2011-01-04,1.09
2011-01-05,1.13
2011-01-06,1.12
2011-01-07,1.12
2011-01-10,1.15
2011-01-11,1.1
2011-01-12,1.11
2011-01-13,1.07
2011-01-14,1.0
2011-01-17,0.98
2011-01-18,1.01
2011-01-19,0.93
2011-01-20,0.9
2011-01-21,0.92
2011-01-24,0.88
2011-01-25,0.86
2011-01-26,0.85
2011-01-27,0.85
2011-01-28,0.83
2011-01-31,0.76
2011-02-01,0.74
2011-02-07,0.7
2011-02-08,0.75
2011-02-09,0.82
2011-02-10,0.83
2011-02-11,0.87
2011-02-14,0.86
2011-02-15,0.87
2011-02-16,0.89
2011-02-17,0.86
2011-02-18,0.86
2011-02-21,0.8
2011-02-22,0.79
2011-02-23,0.82
2011-02-24,0.86
2011-02-25,0.82
2011-02-28,0.83
2011-03-02,0.84
2011-03-03,0.78
2011-03-04,0.77
2011-03-07,0.78
2011-03-08,0.79
2011-03-09,0.8
2011-03-10,0.78
2011-03-11,0.75
2011-03-14,0.71
2011-03-15,0.7
2011-03-16,0.73
2011-03-17,0.75
2011-03-18,0.81
2011-03-21,0.79
2011-03-22,0.8
2011-03-23,0.83
2011-03-24,0.81
2011-03-25,0.77
2011-03-28,0.74
2011-03-29,0.76
2011-03-30,0.75
2011-03-31,0.75
2011-04-01,0.79
2011-04-04,0.77
2011-04-05,0.75
2011-04-06,0.76
2011-04-07,0.77
2011-04-08,0.72
2011-04-11,0.71
2011-04-12,0.77
2011-04-13,0.76
2011-04-14,0.77
2011-04-15,0.77
2011-04-18,0.75
2011-04-19,0.73
2011-04-20,0.71
2011-04-21,0.7
2011-04-22,0.7
2011-04-25,0.68
2011-04-26,0.71
2011-04-27,0.72
2011-04-28,0.73
2011-04-29,0.71
2011-05-02,0.7
2011-05-03,0.69
2011-05-04,0.68
2011-05-06,0.68
2011-05-09,0.69
2011-05-11,0.69
2011-05-12,0.67
2011-05-13,0.71
2011-05-16,0.74
2011-05-17,0.72
2011-05-18,0.71
2011-05-19,0.71
2011-05-20,0.71
2011-05-23,0.69
2011-05-24,0.67
2011-05-25,0.65
2011-05-26,0.65
2011-05-27,0.64
2011-05-30,0.63
2011-05-31,0.64
2011-06-01,0.64
2011-06-02,0.64
2011-06-03,0.64
2011-06-07,0.68
2011-06-08,0.67
2011-06-09,0.65
2011-06-10,0.6
2011-06-13,0.59
2011-06-14,0.57
2011-06-15,0.59
2011-06-16,0.59
2011-06-17,0.57
2011-06-20,0.58
2011-06-21,0.58
2011-06-22,0.57
2011-06-23,0.55
2011-06-24,0.55
2011-06-27,0.53
2011-06-28,0.54
2011-06-29,0.52
2011-06-30,0.53
2011-07-01,0.56
2011-07-04,0.55
2011-07-05,0.53
2011-07-06,0.52
2011-07-07,0.52
2011-07-08,0.49
2011-07-11,0.5
2011-07-12,0.49
2011-07-13,0.47
2011-07-14,0.49
2011-07-15,0.49
2011-07-18,0.46
2011-07-19,0.44
2011-07-20,0.42
2011-07-21,0.42
2011-07-22,0.39
2011-07-25,0.37
2011-07-26,0.39
2011-07-27,0.41
2011-07-28,0.38
2011-07-29,0.35
2011-08-01,0.34
2011-08-02,0.34
2011-08-03,0.33
2011-08-04,0.35
2011-08-05,0.4
2011-08-08,0.46
2011-08-09,0.51
2011-08-10,0.49
2011-08-11,0.4
2011-08-12,0.41
2011-08-16,0.42
2011-08-17,0.4
2011-08-18,0.37
2011-08-19,0.35
2011-08-22,0.37
2011-08-23,0.37
2011-08-24,0.38
2011-08-25,0.38
2011-08-26,0.39
2011-08-29,0.37
2011-08-30,0.36
2011-08-31,0.37
2011-09-01,0.36
2011-09-02,0.35
2011-09-05,0.28
2011-09-06,0.28
2011-09-07,0.25
2011-09-08,0.24
2011-09-09,0.24
2011-09-14,0.24
2011-09-15,0.25
2011-09-16,0.28
2011-09-19,0.28
2011-09-20,0.33
2011-09-21,0.36
2011-09-22,0.33
2011-09-23,0.31
2011-09-26,0.33
2011-09-27,0.35
2011-09-28,0.35
2011-09-29,0.35
2011-09-30,0.4
2011-10-04,0.34
2011-10-05,0.34
2011-10-06,0.38
2011-10-07,0.4
2011-10-10,0.37
2011-10-11,0.38
2011-10-12,0.39
2011-10-13,0.38
2011-10-14,0.36
2011-10-17,0.38
2011-10-18,0.39
2011-10-19,0.4
2011-10-20,0.41
2011-10-21,0.41
2011-10-24,0.41
2011-10-25,0.41
2011-10-26,0.42
2011-10-27,0.4
2011-10-28,0.39
2011-10-31,0.36
2011-11-01,0.37
2011-11-02,0.37
2011-11-03,0.38
2011-11-04,0.4
2011-11-07,0.42
2011-11-08,0.4
2011-11-09,0.4
2011-11-10,0.43
2011-11-11,0.42
2011-11-14,0.45
2011-11-15,0.45
2011-11-16,0.45
2011-11-17,0.45
2011-11-18,0.45
2011-11-21,0.43
2011-11-22,0.4
2011-11-23,0.4
2011-11-24,0.38
2011-11-25,0.39
2011-11-28,0.37
2011-11-29,0.39
2011-11-30,0.39
2011-12-01,0.42
2011-12-02,0.41
2011-12-05,0.41
2011-12-06,0.45
2011-12-07,0.46
2011-12-08,0.44
2011-12-09,0.44
2011-12-12,0.45
2011-12-13,0.45
2011-12-14,0.45
2011-12-15,0.45
2011-12-16,0.46
2011-12-19,0.46
2011-12-20,0.45
2011-12-21,0.47
2011-12-22,0.47
2011-12-23,0.47
2011-12-26,0.47
2011-12-27,0.46
2011-12-28,0.46
2011-12-29,0.45
2011-12-30,0.45
2012-01-02,0.45
2012-01-03,0.45
2012-01-04,0.45
2012-01-05,0.45
2012-01-06,0.44
2012-01-09,0.41
2012-01-10,0.41
2012-01-11,0.41
2012-01-12,0.41
2012-01-13,0.42
2012-01-16,0.44
2012-01-17,0.44
2012-01-18,0.44
2012-01-19,0.41
2012-01-20,0.42
2012-01-25,0.4
2012-01-26,0.42
2012-01-27,0.42
2012-01-30,0.41
2012-01-31,0.39
2012-02-01,0.39
2012-02-02,0.39
2012-02-03,0.39
2012-02-06,0.38
2012-02-07,0.38
2012-02-08,0.38
2012-02-09,0.37
2012-02-10,0.37
2012-02-13,0.37
2012-02-14,0.38
2012-02-15,0.37
2012-02-16,0.38
2012-02-17,0.38
2012-02-20,0.38
2012-02-21,0.38
2012-02-22,0.39
2012-02-23,0.39
2012-02-24,0.38
2012-02-27,0.38
2012-02-28,0.38
2012-02-29,0.37
2012-03-02,0.37
2012-03-05,0.37
2012-03-06,0.38
2012-03-07,0.4
2012-03-08,0.39
2012-03-09,0.38
2012-03-12,0.38
2012-03-13,0.37
2012-03-14,0.37
2012-03-15,0.38
2012-03-16,0.38
2012-03-19,0.39
2012-03-20,0.41
2012-03-21,0.42
2012-03-22,0.44
2012-03-23,0.43
2012-03-26,0.42
2012-03-27,0.41
2012-03-28,0.41
2012-03-29,0.42
2012-03-30,0.41
2012-04-02,0.41
2012-04-03,0.4
2012-04-04,0.41
2012-04-05,0.42
2012-04-06,0.41
2012-04-09,0.41
2012-04-10,0.41
2012-04-12,0.41
2012-04-13,0.41
2012-04-16,0.41
2012-04-17,0.4
2012-04-18,0.39
2012-04-19,0.39
2012-04-20,0.39
2012-04-23,0.39
2012-04-24,0.39
2012-04-25,0.39
2012-04-26,0.38
2012-04-27,0.37
2012-04-30,0.36
2012-05-02,0.36
2012-05-03,0.36
2012-05-04,0.37
2012-05-07,0.37
2012-05-08,0.38
2012-05-09,0.39
2012-05-10,0.39
2012-05-11,0.38
2012-05-14,0.37
2012-05-15,0.36
2012-05-16,0.35
2012-05-17,0.35
2012-05-18,0.35
2012-05-21,0.37
2012-05-22,0.38
2012-05-23,0.37
2012-05-24,0.38
2012-05-25,0.38
2012-05-29,0.38
2012-05-30,0.38
2012-05-31,0.37
2012-06-01,0.34
2012-06-04,0.31
2012-06-05,0.34
2012-06-07,0.35
2012-06-08,0.32
2012-06-11,0.34
2012-06-12,0.33
2012-06-13,0.33
2012-06-14,0.35
2012-06-15,0.37
2012-06-18,0.37
2012-06-19,0.36
2012-06-20,0.36
2012-06-21,0.35
2012-06-22,0.35
2012-06-25,0.34
2012-06-26,0.34
2012-06-27,0.34
2012-06-28,0.32
2012-06-29,0.32
2012-07-02,0.31
2012-07-03,0.29
2012-07-04,0.29
2012-07-05,0.29
2012-07-06,0.31
2012-07-09,0.31
2012-07-10,0.31
2012-07-11,0.32
2012-07-12,0.32
2012-07-13,0.32
2012-07-16,0.29
2012-07-17,0.28
2012-07-18,0.27
2012-07-19,0.27
2012-07-20,0.27
2012-07-23,0.24
2012-07-24,0.24
2012-07-25,0.23
2012-07-26,0.23
2012-07-27,0.27
2012-07-30,0.28
2012-07-31,0.29
2012-08-01,0.31
2012-08-02,0.31
2012-08-03,0.26
2012-08-06,0.25
2012-08-07,0.25
2012-08-08,0.25
2012-08-09,0.24
2012-08-10,0.25
2012-08-13,0.24
2012-08-14,0.24
2012-08-16,0.26
2012-08-17,0.26
2012-08-20,0.26
2012-08-21,0.26
2012-08-22,0.26
2012-08-23,0.24
2012-08-24,0.25
2012-08-27,0.25
2012-08-28,0.25
2012-08-29,0.24
2012-08-30,0.25
2012-08-31,0.26
2012-09-03,0.25
2012-09-04,0.25
2012-09-05,0.24
2012-09-06,0.24
2012-09-07,0.24
2012-09-10,0.24
2012-09-11,0.23
2012-09-12,0.22
2012-09-13,0.2
2012-09-14,0.22
2012-09-17,0.23
2012-09-18,0.23
2012-09-19,0.24
2012-09-20,0.23
2012-09-21,0.23
2012-09-24,0.24
2012-09-25,0.24
2012-09-26,0.24
2012-09-27,0.24
2012-09-28,0.23
2012-10-02,0.21
2012-10-04,0.21
2012-10-05,0.2
2012-10-08,0.2
2012-10-09,0.2
2012-10-10,0.2
2012-10-11,0.18
2012-10-12,0.18
2012-10-15,0.18
2012-10-16,0.18
2012-10-17,0.17
2012-10-18,0.18
2012-10-19,0.21
2012-10-22,0.2
2012-10-23,0.2
2012-10-24,0.2
2012-10-25,0.2
2012-10-26,0.2
2012-10-29,0.19
2012-10-30,0.2
2012-10-31,0.19
2012-11-01,0.19
2012-11-02,0.19
2012-11-05,0.19
2012-11-06,0.21
2012-11-07,0.21
2012-11-08,0.2
2012-11-09,0.19
2012-11-12,0.19
2012-11-13,0.18
2012-11-14,0.18
2012-11-15,0.19
2012-11-16,0.19
2012-11-19,0.19
2012-11-20,0.19
2012-11-21,0.19
2012-11-22,0.19
2012-11-23,0.19
2012-11-26,0.2
2012-11-27,0.2
2012-11-28,0.19
2012-11-29,0.19
2012-11-30,0.19
2012-12-03,0.19
2012-12-04,0.2
2012-12-05,0.22
2012-12-06,0.24
2012-12-07,0.25
2012-12-10,0.26
2012-12-11,0.26
2012-12-12,0.27
2012-12-13,0.28
2012-12-14,0.28
2012-12-17,0.28
2012-12-18,0.29
2012-12-20,0.32
2012-12-21,0.33
2012-12-24,0.34
2012-12-26,0.36
2012-12-27,0.36
2012-12-28,0.34
2012-12-31,0.34
2013-01-02,0.37
2013-01-03,0.36
2013-01-04,0.39
2013-01-07,0.34
2013-01-08,0.31
2013-01-09,0.3
2013-01-10,0.32
2013-01-11,0.29
2013-01-14,0.28
2013-01-15,0.28
2013-01-16,0.28
2013-01-17,0.27
2013-01-18,0.27
2013-01-21,0.28
2013-01-22,0.29
2013-01-23,0.29
2013-01-24,0.29
2013-01-25,0.28
2013-01-28,0.29
2013-01-29,0.29
2013-01-30,0.32
2013-01-31,0.34
2013-02-01,0.36
2013-02-04,0.35
2013-02-05,0.33
2013-02-06,0.35
2013-02-07,0.34
2013-02-08,0.34
2013-02-12,0.33
2013-02-13,0.35
2013-02-14,0.36
2013-02-15,0.36
2013-02-18,0.35
2013-02-19,0.34
2013-02-20,0.33
2013-02-21,0.34
2013-02-22,0.33
2013-02-25,0.34
2013-02-26,0.33
2013-02-27,0.3
2013-02-28,0.31
2013-03-04,0.31
2013-03-05,0.3
2013-03-06,0.32
2013-03-07,0.33
2013-03-08,0.33
2013-03-11,0.34
2013-03-12,0.34
2013-03-13,0.35
2013-03-14,0.33
2013-03-15,0.32
2013-03-18,0.31
2013-03-19,0.28
2013-03-20,0.3
2013-03-21,0.3
2013-03-22,0.29
2013-03-25,0.3
2013-03-26,0.3
2013-03-27,0.28
2013-03-28,0.28
2013-03-29,0.28
2013-04-01,0.32
2013-04-02,0.33
2013-04-03,0.31
2013-04-04,0.31
2013-04-05,0.32
2013-04-08,0.3
2013-04-09,0.3
2013-04-10,0.31
2013-04-11,0.28
2013-04-12,0.29
2013-04-15,0.31
2013-04-16,0.29
2013-04-17,0.27
2013-04-18,0.27
2013-04-19,0.26
2013-04-22,0.25
2013-04-23,0.25
2013-04-24,0.24
2013-04-25,0.26
2013-04-26,0.28
2013-04-29,0.29
2013-04-30,0.28
2013-05-02,0.29
2013-05-03,0.27
2013-05-06,0.25
2013-05-07,0.26
2013-05-08,0.27
2013-05-09,0.29
2013-05-10,0.32
2013-05-13,0.32
2013-05-14,0.31
2013-05-15,0.32
2013-05-16,0.33
2013-05-20,0.32
2013-05-21,0.32
2013-05-22,0.32
2013-05-23,0.32
2013-05-24,0.32
2013-05-27,0.31
2013-05-28,0.3
2013-05-29,0.29
2013-05-30,0.3
2013-05-31,0.34
2013-06-03,0.34
2013-06-04,0.35
2013-06-05,0.35
2013-06-07,0.36
2013-06-10,0.36
2013-06-11,0.4
2013-06-12,0.43
2013-06-13,0.43
2013-06-14,0.43
2013-06-17,0.46
2013-06-18,0.44
2013-06-19,0.43
2013-06-20,0.47
2013-06-21,0.54
2013-06-24,0.56
2013-06-25,0.56
2013-06-26,0.53
2013-06-27,0.47
2013-06-28,0.52
2013-07-01,0.52
2013-07-02,0.48
2013-07-03,0.5
2013-07-04,0.53
2013-07-05,0.55
2013-07-08,0.61
2013-07-09,0.61
2013-07-10,0.59
2013-07-11,0.53
2013-07-12,0.52
2013-07-15,0.56
2013-07-16,0.56
2013-07-17,0.58
2013-07-18,0.56
2013-07-19,0.57
2013-07-22,0.56
2013-07-23,0.53
2013-07-24,0.54
2013-07-25,0.57
2013-07-26,0.57
2013-07-29,0.56
2013-07-30,0.56
2013-07-31,0.57
2013-08-01,0.57
2013-08-02,0.62
2013-08-05,0.59
2013-08-06,0.6
2013-08-07,0.65
2013-08-08,0.66
2013-08-09,0.67
2013-08-12,0.64
2013-08-13,0.65
2013-08-14,0.69
2013-08-16,0.71
2013-08-19,0.75
2013-08-20,0.7
2013-08-21,0.69
2013-08-22,0.74
2013-08-23,0.76
2013-08-26,0.73
2013-08-27,0.72
2013-08-28,0.68
2013-08-29,0.67
2013-08-30,0.65
2013-09-02,0.67
2013-09-03,0.67
2013-09-04,0.7
2013-09-05,0.71
2013-09-06,0.7
2013-09-09,0.64
2013-09-10,0.65
2013-09-11,0.61
2013-09-12,0.62
2013-09-13,0.64
2013-09-16,0.63
2013-09-17,0.62
2013-09-23,0.6
2013-09-24,0.57
2013-09-25,0.56
2013-09-26,0.61
2013-09-27,0.61
2013-09-30,0.6
2013-10-01,0.61
2013-10-02,0.59
2013-10-04,0.57
2013-10-07,0.58
2013-10-08,0.61
2013-10-10,0.64
2013-10-11,0.64
2013-10-14,0.66
2013-10-15,0.65
2013-10-16,0.64
2013-10-17,0.64
2013-10-18,0.62
2013-10-21,0.61
2013-10-22,0.61
2013-10-23,0.56
2013-10-24,0.57
2013-10-25,0.56
2013-10-28,0.592
2013-10-29,0.581
2013-10-30,0.563
2013-10-31,0.579
2013-11-01,0.606
2013-11-04,0.611
2013-11-05,0.625
2013-11-06,0.613
2013-11-07,0.612
2013-11-08,0.606
2013-11-11,0.624
2013-11-12,0.633
2013-11-13,0.621
2013-11-14,0.636
2013-11-15,0.653
2013-11-18,0.653
2013-11-19,0.682
2013-11-20,0.68
2013-11-21,0.703
2013-11-22,0.693
2013-11-25,0.686
2013-11-26,0.674
2013-11-27,0.665
2013-11-28,0.667
2013-11-29,0.662
2013-12-02,0.69
2013-12-03,0.686
2013-12-04,0.701
2013-12-05,0.736
2013-12-06,0.72
2013-12-09,0.7
2013-12-10,0.699
2013-12-11,0.711
2013-12-12,0.707
2013-12-13,0.721
2013-12-16,0.711
2013-12-17,0.722
2013-12-18,0.722
2013-12-19,0.74
2013-12-20,0.748
2013-12-23,0.699
2013-12-24,0.681
2013-12-26,0.691
2013-12-27,0.716
2013-12-30,0.725
2013-12-31,0.725
2014-01-02,0.765
2014-01-03,0.776
2014-01-06,0.785
2014-01-07,0.786
2014-01-08,0.787
2014-01-09,0.779
2014-01-10,0.739
2014-01-13,0.732
2014-01-14,0.74
2014-01-15,0.76
2014-01-16,0.759
2014-01-17,0.755
2014-01-20,0.746
2014-01-21,0.754
2014-01-22,0.764
2014-01-23,0.754
2014-01-24,0.726
2014-01-27,0.724
2014-01-28,0.729
2014-01-29,0.732
2014-02-03,0.727
2014-02-04,0.692
2014-02-05,0.691
2014-02-06,0.693
2014-02-07,0.709
2014-02-10,0.701
2014-02-11,0.686
2014-02-12,0.688
2014-02-13,0.658
2014-02-14,0.639
2014-02-17,0.65
2014-02-18,0.662
2014-02-19,0.644
2014-02-20,0.637
2014-02-21,0.651
2014-02-24,0.642
2014-02-25,0.638
2014-02-26,0.654
2014-02-27,0.652
2014-02-28,0.648
2014-03-03,0.66
2014-03-04,0.671
2014-03-05,0.667
2014-03-06,0.675
2014-03-07,0.685
2014-03-10,0.685
2014-03-11,0.682
2014-03-12,0.673
2014-03-13,0.665
2014-03-14,0.644
2014-03-17,0.668
2014-03-18,0.698
2014-03-19,0.686
2014-03-20,0.675
2014-03-21,0.676
2014-03-24,0.678
2014-03-25,0.665
2014-03-26,0.661
2014-03-27,0.66
2014-03-28,0.647
2014-03-31,0.648
2014-04-01,0.664
2014-04-02,0.679
2014-04-03,0.68
2014-04-04,0.676
2014-04-07,0.659
2014-04-08,0.666
2014-04-09,0.663
2014-04-10,0.673
2014-04-11,0.674
2014-04-14,0.665
2014-04-15,0.661
2014-04-16,0.659
2014-04-17,0.649
2014-04-18,0.661
2014-04-21,0.675
2014-04-22,0.673
2014-04-23,0.667
2014-04-24,0.669
2014-04-25,0.656
2014-04-28,0.651
2014-04-29,0.65
2014-04-30,0.654
2014-05-02,0.646
2014-05-07,0.616
2014-05-08,0.611
2014-05-09,0.589
2014-05-12,0.591
2014-05-13,0.593
2014-05-14,0.59
2014-05-15,0.549
2014-05-16,0.55
2014-05-19,0.54
2014-05-20,0.538
2014-05-21,0.536
2014-05-22,0.557
2014-05-23,0.552
2014-05-26,0.542
2014-05-27,0.539
2014-05-28,0.532
2014-05-29,0.518
2014-05-30,0.522
2014-06-02,0.537
2014-06-03,0.538
2014-06-05,0.544
2014-06-09,0.54
2014-06-10,0.521
2014-06-11,0.532
2014-06-12,0.529
2014-06-13,0.567
2014-06-16,0.594
2014-06-17,0.574
2014-06-18,0.576
2014-06-19,0.57
2014-06-20,0.551
2014-06-23,0.545
2014-06-24,0.532
2014-06-25,0.529
2014-06-26,0.5
2014-06-27,0.489
2014-06-30,0.489
2014-07-01,0.504
2014-07-02,0.509
2014-07-03,0.51
2014-07-04,0.515
2014-07-07,0.515
2014-07-08,0.512
2014-07-09,0.542
2014-07-10,0.495
2014-07-11,0.477
2014-07-14,0.48
2014-07-15,0.472
2014-07-16,0.447
2014-07-17,0.444
2014-07-18,0.452
2014-07-21,0.479
2014-07-22,0.482
2014-07-23,0.506
2014-07-24,0.518
2014-07-25,0.51
2014-07-28,0.512
2014-07-29,0.516
2014-07-30,0.523
2014-07-31,0.537
2014-08-01,0.565
2014-08-04,0.56
2014-08-05,0.547
2014-08-06,0.56
2014-08-07,0.559
2014-08-08,0.534
2014-08-11,0.533
2014-08-12,0.542
2014-08-13,0.555
2014-08-14,0.531
2014-08-18,0.539
2014-08-19,0.57
2014-08-20,0.567
2014-08-21,0.567
2014-08-22,0.564
2014-08-25,0.541
2014-08-26,0.523
2014-08-27,0.519
2014-08-28,0.532
2014-08-29,0.523
2014-09-01,0.52
2014-09-02,0.551
2014-09-03,0.567
2014-09-04,0.56
2014-09-05,0.559
2014-09-11,0.586
2014-09-12,0.602
2014-09-15,0.642
2014-09-16,0.68
2014-09-17,0.665
2014-09-18,0.657
2014-09-19,0.657
2014-09-22,0.636
2014-09-23,0.631
2014-09-24,0.636
2014-09-25,0.627
2014-09-26,0.612
2014-09-29,0.591
2014-09-30,0.557
2014-10-01,0.585
2014-10-02,0.585
2014-10-06,0.587
2014-10-07,0.574
2014-10-08,0.557
2014-10-10,0.559
2014-10-13,0.562
2014-10-14,0.557
2014-10-15,0.538
2014-10-16,0.486
2014-10-17,0.486
2014-10-20,0.526
2014-10-21,0.513
2014-10-22,0.52
2014-10-23,0.508
2014-10-24,0.49
2014-10-27,0.501
2014-10-28,0.502
2014-10-29,0.499
2014-10-30,0.488
2014-10-31,0.507
2014-11-03,0.537
2014-11-04,0.533
2014-11-05,0.543
2014-11-06,0.561
2014-11-07,0.58
2014-11-10,0.568
2014-11-11,0.543
2014-11-12,0.554
2014-11-13,0.563
2014-11-14,0.572
2014-11-17,0.573
2014-11-18,0.568
2014-11-19,0.562
2014-11-20,0.559
2014-11-21,0.564
2014-11-24,0.561
2014-11-25,0.549
2014-11-26,0.536
2014-11-27,0.535
2014-11-28,0.515
2014-12-01,0.517
2014-12-02,0.525
2014-12-03,0.559
2014-12-04,0.557
2014-12-05,0.559
2014-12-08,0.581
2014-12-09,0.571
2014-12-10,0.586
2014-12-11,0.574
2014-12-12,0.583
2014-12-15,0.569
2014-12-16,0.539
2014-12-17,0.526
2014-12-18,0.542
2014-12-19,0.542
2014-12-22,0.51
2014-12-23,0.515
2014-12-24,0.511
2014-12-26,0.492
2014-12-29,0.474
2014-12-30,0.498
2014-12-31,0.5
2015-01-02,0.525
2015-01-05,0.504
2015-01-06,0.476
2015-01-07,0.484
2015-01-08,0.48
2015-01-09,0.48
2015-01-12,0.443
2015-01-13,0.409
2015-01-14,0.395
2015-01-15,0.406
2015-01-16,0.332
2015-01-19,0.347
2015-01-20,0.329
2015-01-21,0.327
2015-01-22,0.342
2015-01-23,0.302
2015-01-26,0.276
2015-01-27,0.271
2015-01-28,0.255
2015-01-29,0.229
2015-01-30,0.27
2015-02-02,0.26
2015-02-03,0.276
2015-02-04,0.288
2015-02-05,0.303
2015-02-06,0.311
2015-02-09,0.318
2015-02-10,0.3
2015-02-11,0.301
2015-02-12,0.331
2015-02-13,0.35
2015-02-16,0.386
2015-02-17,0.329
2015-02-23,0.365
2015-02-24,0.371
2015-02-25,0.338
2015-02-26,0.326
2015-02-27,0.319
2015-03-02,0.33
2015-03-03,0.362
2015-03-04,0.387
2015-03-05,0.377
2015-03-06,0.386
2015-03-09,0.447
2015-03-10,0.45
2015-03-11,0.409
2015-03-12,0.451
2015-03-13,0.487
2015-03-16,0.459
2015-03-17,0.447
2015-03-18,0.423
2015-03-19,0.387
2015-03-20,0.41
2015-03-23,0.401
2015-03-24,0.398
2015-03-25,0.386
2015-03-26,0.399
2015-03-27,0.41
2015-03-30,0.404
2015-03-31,0.439
2015-04-01,0.43
2015-04-02,0.398
2015-04-03,0.372
2015-04-06,0.354
2015-04-07,0.383
2015-04-08,0.385
2015-04-09,0.379
2015-04-10,0.356
2015-04-13,0.371
2015-04-14,0.39
2015-04-15,0.401
2015-04-16,0.433
2015-04-17,0.421
2015-04-20,0.45
2015-04-21,0.464
2015-04-22,0.465
2015-04-23,0.521
2015-04-24,0.514
2015-04-27,0.504
2015-04-28,0.538
2015-04-29,0.538
2015-04-30,0.571
2015-05-04,0.59
2015-05-06,0.6
2015-05-07,0.585
2015-05-08,0.527
2015-05-11,0.584
2015-05-12,0.655
2015-05-13,0.674
2015-05-14,0.641
2015-05-15,0.627
2015-05-18,0.628
2015-05-19,0.644
2015-05-20,0.617
2015-05-21,0.631
2015-05-22,0.609
2015-05-26,0.643
2015-05-27,0.638
2015-05-28,0.612
2015-05-29,0.563
2015-06-01,0.597
2015-06-02,0.607
2015-06-03,0.672
2015-06-04,0.715
2015-06-05,0.727
2015-06-08,0.754
2015-06-09,0.701
2015-06-10,0.692
2015-06-11,0.729
2015-06-12,0.701
2015-06-15,0.736
2015-06-16,0.742
2015-06-17,0.757
2015-06-18,0.738
2015-06-19,0.675
2015-06-22,0.719
2015-06-23,0.685
2015-06-24,0.663
2015-06-25,0.68
2015-06-26,0.677
2015-06-29,0.657
2015-06-30,0.658
2015-07-01,0.666
2015-07-02,0.702
2015-07-03,0.696
2015-07-06,0.636
2015-07-07,0.672
2015-07-08,0.662
2015-07-09,0.682
2015-07-10,0.696
2015-07-13,0.704
2015-07-14,0.708
2015-07-15,0.7
2015-07-16,0.692
2015-07-17,0.686
2015-07-20,0.692
2015-07-21,0.683
2015-07-22,0.672
2015-07-23,0.654
2015-07-24,0.63
2015-07-27,0.648
2015-07-28,0.652
2015-07-29,0.646
2015-07-30,0.655
2015-07-31,0.66
2015-08-03,0.642
2015-08-04,0.635
2015-08-05,0.631
2015-08-06,0.622
2015-08-07,0.627
2015-08-10,0.593
2015-08-11,0.586
2015-08-12,0.552
2015-08-13,0.565
2015-08-17,0.556
2015-08-18,0.557
2015-08-19,0.577
2015-08-20,0.562
2015-08-21,0.547
2015-08-24,0.496
2015-08-25,0.514
2015-08-26,0.53
2015-08-27,0.547
2015-08-28,0.567
2015-08-31,0.56
2015-09-01,0.578
2015-09-02,0.57
2015-09-03,0.606
2015-09-04,0.596
2015-09-07,0.573
2015-09-08,0.559
2015-09-09,0.573
2015-09-10,0.575
2015-09-11,0.582
2015-09-14,0.603
2015-09-15,0.599
2015-09-16,0.604
2015-09-17,0.588
2015-09-18,0.56
2015-09-21,0.541
2015-09-22,0.524
2015-09-23,0.517
2015-09-24,0.53
2015-09-25,0.519
2015-09-30,0.493
2015-10-01,0.511
2015-10-02,0.498
2015-10-05,0.465
2015-10-06,0.459
2015-10-07,0.473
2015-10-08,0.476
2015-10-12,0.503
2015-10-13,0.486
2015-10-14,0.467
2015-10-15,0.437
2015-10-16,0.442
2015-10-19,0.454
2015-10-20,0.459
2015-10-21,0.46
2015-10-22,0.468
2015-10-23,0.455
2015-10-26,0.452
2015-10-27,0.434
2015-10-28,0.41
2015-10-29,0.412
2015-10-30,0.454
2015-11-02,0.46
2015-11-03,0.488
2015-11-04,0.488
2015-11-05,0.466
2015-11-06,0.479
2015-11-09,0.503
2015-11-10,0.493
2015-11-11,0.51
2015-11-12,0.539
2015-11-13,0.554
2015-11-16,0.534
2015-11-17,0.546
2015-11-18,0.54
2015-11-19,0.524
2015-11-20,0.507
2015-11-23,0.527
2015-11-24,0.512
2015-11-25,0.481
2015-11-26,0.461
2015-11-27,0.473
2015-11-30,0.462
2015-12-01,0.503
2015-12-02,0.494
2015-12-03,0.509
2015-12-04,0.52
2015-12-07,0.512
2015-12-08,0.467
2015-12-09,0.448
2015-12-10,0.471
2015-12-11,0.495
2015-12-14,0.489
2015-12-15,0.477
2015-12-16,0.47
2015-12-17,0.436
2015-12-18,0.425
2015-12-21,0.442
2015-12-22,0.442
2015-12-23,0.446
2015-12-24,0.44
2015-12-28,0.42
2015-12-29,0.415
2015-12-30,0.414
2015-12-31,0.414
2016-01-04,0.405
2016-01-05,0.414
2016-01-06,0.396
2016-01-07,0.376
2016-01-08,0.392
2016-01-11,0.39
2016-01-12,0.398
2016-01-13,0.392
2016-01-14,0.385
2016-01-15,0.376
2016-01-18,0.393
2016-01-19,0.421
2016-01-20,0.385
2016-01-21,0.384
2016-01-22,0.416
2016-01-25,0.399
2016-01-26,0.391
2016-01-27,0.409
2016-01-28,0.4
2016-01-29,0.415
2016-02-01,0.397
2016-02-02,0.4
2016-02-03,0.369
2016-02-04,0.368
2016-02-05,0.376
2016-02-11,0.316
2016-02-12,0.325
2016-02-15,0.341
2016-02-16,0.35
2016-02-17,0.349
2016-02-18,0.354
2016-02-19,0.346
2016-02-22,0.35
2016-02-23,0.35
2016-02-24,0.345
2016-02-25,0.338
2016-02-26,0.326
2016-02-29,0.332
2016-03-02,0.358
2016-03-03,0.366
2016-03-04,0.36
2016-03-07,0.365
2016-03-08,0.364
2016-03-09,0.38
2016-03-10,0.363
2016-03-11,0.372
2016-03-14,0.383
2016-03-15,0.374
2016-03-16,0.37
2016-03-17,0.347
2016-03-18,0.336
2016-03-21,0.332
2016-03-22,0.335
2016-03-23,0.355
2016-03-24,0.348
2016-03-25,0.34
2016-03-28,0.355
2016-03-29,0.349
2016-03-30,0.331
2016-03-31,0.349
2016-04-01,0.348
2016-04-04,0.326
2016-04-05,0.334
2016-04-06,0.329
2016-04-07,0.333
2016-04-08,0.331
2016-04-11,0.328
2016-04-12,0.326
2016-04-14,0.342
2016-04-15,0.346
2016-04-18,0.338
2016-04-19,0.337
2016-04-20,0.33
2016-04-21,0.342
2016-04-22,0.356
2016-04-25,0.376
2016-04-26,0.364
2016-04-27,0.355
2016-04-28,0.351
2016-04-29,0.341
2016-05-02,0.342
2016-05-03,0.35
2016-05-04,0.339
2016-05-09,0.354
2016-05-10,0.356
2016-05-11,0.348
2016-05-12,0.342
2016-05-13,0.326
2016-05-16,0.331
2016-05-17,0.336
2016-05-18,0.329
2016-05-19,0.337
2016-05-20,0.332
2016-05-23,0.333
2016-05-24,0.323
2016-05-25,0.324
2016-05-26,0.322
2016-05-27,0.31
2016-05-30,0.31
2016-05-31,0.315
2016-06-01,0.319
2016-06-02,0.32
2016-06-03,0.315
2016-06-07,0.31
2016-06-08,0.319
2016-06-09,0.315
2016-06-10,0.33
2016-06-13,0.304
2016-06-14,0.298
2016-06-15,0.283
2016-06-16,0.261
2016-06-17,0.262
2016-06-20,0.282
2016-06-21,0.273
2016-06-22,0.283
2016-06-23,0.29
2016-06-24,0.251
2016-06-27,0.248
2016-06-28,0.238
2016-06-29,0.221
2016-06-30,0.222
2016-07-01,0.199
2016-07-04,0.191
2016-07-05,0.204
2016-07-06,0.18
2016-07-07,0.172
2016-07-08,0.172
2016-07-11,0.167
2016-07-12,0.171
2016-07-13,0.182
2016-07-14,0.169
2016-07-15,0.171
2016-07-18,0.186
2016-07-19,0.199
2016-07-20,0.197
2016-07-21,0.206
2016-07-22,0.191
2016-07-25,0.2
2016-07-26,0.191
2016-07-27,0.181
2016-07-28,0.154
2016-07-29,0.17
2016-08-01,0.151
2016-08-02,0.166
2016-08-03,0.178
2016-08-04,0.175
2016-08-05,0.163
2016-08-08,0.183
2016-08-09,0.18
2016-08-10,0.176
2016-08-11,0.174
2016-08-12,0.18
2016-08-16,0.176
2016-08-17,0.201
2016-08-18,0.187
2016-08-19,0.191
2016-08-22,0.203
2016-08-23,0.194
2016-08-24,0.189
2016-08-25,0.186
2016-08-26,0.182
2016-08-29,0.173
2016-08-30,0.166
2016-08-31,0.17
2016-09-01,0.191
2016-09-02,0.204
2016-09-05,0.204
2016-09-06,0.206
2016-09-07,0.181
2016-09-08,0.181
2016-09-09,0.184
2016-09-12,0.211
2016-09-13,0.222
2016-09-19,0.237
2016-09-20,0.239
2016-09-21,0.265
2016-09-22,0.223
2016-09-23,0.197
2016-09-26,0.187
2016-09-27,0.189
2016-09-28,0.164
2016-09-29,0.159
2016-09-30,0.151
2016-10-04,0.179
2016-10-05,0.194
2016-10-06,0.215
2016-10-07,0.205
2016-10-10,0.211
2016-10-11,0.243
2016-10-12,0.242
2016-10-13,0.22
2016-10-14,0.231
2016-10-17,0.265
2016-10-18,0.263
2016-10-19,0.26
2016-10-20,0.259
2016-10-21,0.245
2016-10-24,0.227
2016-10-25,0.242
2016-10-26,0.228
2016-10-27,0.251
2016-10-28,0.28
2016-10-31,0.25
2016-11-01,0.279
2016-11-02,0.258
2016-11-03,0.251
2016-11-04,0.263
2016-11-07,0.281
2016-11-08,0.277
2016-11-09,0.269
2016-11-10,0.354
2016-11-11,0.43
2016-11-14,0.451
2016-11-15,0.408
2016-11-16,0.395
2016-11-17,0.373
2016-11-18,0.396
2016-11-21,0.395
2016-11-22,0.389
2016-11-23,0.364
2016-11-24,0.371
2016-11-25,0.373
2016-11-28,0.389
2016-11-29,0.432
2016-11-30,0.434
2016-12-01,0.476
2016-12-02,0.513
2016-12-05,0.463
2016-12-06,0.466
2016-12-07,0.463
2016-12-08,0.449
2016-12-09,0.472
2016-12-12,0.536
2016-12-13,0.526
2016-12-14,0.487
2016-12-15,0.499
2016-12-16,0.479
2016-12-19,0.474
2016-12-20,0.449
2016-12-21,0.423
2016-12-22,0.445
2016-12-23,0.449
2016-12-26,0.445
2016-12-27,0.463
2016-12-28,0.441
2016-12-29,0.436
2016-12-30,0.436
2017-01-02,0.417
2017-01-03,0.444
2017-01-04,0.466
2017-01-05,0.457
2017-01-06,0.451
2017-01-09,0.469
2017-01-10,0.457
2017-01-11,0.473
2017-01-12,0.442
2017-01-13,0.461
2017-01-16,0.486
2017-01-17,0.474
2017-01-18,0.474
2017-01-19,0.492
2017-01-20,0.474
2017-01-23,0.485
2017-01-24,0.474
2017-01-25,0.486
2017-01-26,0.506
2017-01-31,0.48
2017-02-01,0.488
2017-02-02,0.481
2017-02-03,0.499
2017-02-06,0.494
2017-02-07,0.493
2017-02-08,0.478
2017-02-09,0.474
2017-02-10,0.483
2017-02-13,0.487
2017-02-14,0.482
2017-02-15,0.492
2017-02-16,0.488
2017-02-17,0.48
2017-02-20,0.514
2017-02-21,0.531
2017-02-22,0.556
2017-02-23,0.53
2017-02-24,0.509
2017-02-27,0.509
2017-02-28,0.492
2017-03-02,0.511
2017-03-03,0.518
2017-03-06,0.518
2017-03-07,0.526
2017-03-08,0.518
2017-03-09,0.529
2017-03-10,0.538
2017-03-13,0.536
2017-03-14,0.532
2017-03-15,0.513
2017-03-16,0.481
2017-03-17,0.504
2017-03-20,0.515
2017-03-21,0.516
2017-03-22,0.49
2017-03-23,0.485
2017-03-24,0.497
2017-03-27,0.5
2017-03-28,0.504
2017-03-29,0.506
2017-03-30,0.519
2017-03-31,0.515
2017-04-03,0.509
2017-04-04,0.493
2017-04-05,0.487
2017-04-06,0.503
2017-04-07,0.512
2017-04-10,0.531
2017-04-11,0.511
2017-04-12,0.519
2017-04-13,0.498
2017-04-14,0.508
2017-04-17,0.5
2017-04-18,0.498
2017-04-19,0.474
2017-04-20,0.47
2017-04-21,0.481
2017-04-24,0.504
2017-04-25,0.517
2017-04-26,0.525
2017-04-27,0.523
2017-04-28,0.521
2017-05-02,0.546
2017-05-04,0.53
2017-05-08,0.535
2017-05-10,0.566
2017-05-11,0.579
2017-05-12,0.579
2017-05-15,0.591
2017-05-16,0.584
2017-05-17,0.565
2017-05-18,0.565
2017-05-19,0.567
2017-05-22,0.587
2017-05-23,0.573
2017-05-24,0.578
2017-05-25,0.565
2017-05-26,0.56
2017-05-29,0.573
2017-05-30,0.565
2017-05-31,0.569
2017-06-01,0.567
2017-06-02,0.579
2017-06-05,0.554
2017-06-07,0.539
2017-06-08,0.536
2017-06-09,0.541
2017-06-12,0.525
2017-06-13,0.516
2017-06-14,0.489
2017-06-15,0.441
2017-06-16,0.458
2017-06-19,0.475
2017-06-20,0.457
2017-06-21,0.446
2017-06-22,0.434
2017-06-23,0.441
2017-06-26,0.438
2017-06-27,0.437
2017-06-28,0.467
2017-06-29,0.484
2017-06-30,0.516
2017-07-03,0.519
2017-07-04,0.532
2017-07-05,0.532
2017-07-06,0.531
2017-07-07,0.542
2017-07-10,0.533
2017-07-11,0.518
2017-07-12,0.51
2017-07-13,0.493
2017-07-14,0.499
2017-07-17,0.518
2017-07-18,0.51
2017-07-19,0.511
2017-07-20,0.497
2017-07-21,0.498
2017-07-24,0.5
2017-07-25,0.498
2017-07-26,0.516
2017-07-27,0.503
2017-07-28,0.506
2017-07-31,0.502
2017-08-01,0.525
2017-08-02,0.517
2017-08-03,0.513
2017-08-04,0.509
2017-08-07,0.513
2017-08-08,0.506
2017-08-09,0.505
2017-08-10,0.498
2017-08-11,0.498
2017-08-14,0.499
2017-08-16,0.511
2017-08-17,0.519
2017-08-18,0.537
2017-08-21,0.52
2017-08-22,0.505
2017-08-23,0.5
2017-08-24,0.488
2017-08-25,0.498
2017-08-28,0.493
2017-08-29,0.489
2017-08-30,0.497
2017-08-31,0.515
2017-09-01,0.524
2017-09-04,0.523
2017-09-05,0.526
2017-09-06,0.505
2017-09-07,0.493
2017-09-08,0.482
2017-09-11,0.494
2017-09-12,0.498
2017-09-13,0.5
2017-09-14,0.502
2017-09-15,0.509
2017-09-18,0.523
2017-09-19,0.515
2017-09-20,0.505
2017-09-21,0.499
2017-09-22,0.493
2017-09-25,0.484
2017-09-26,0.478
2017-09-27,0.473
2017-09-28,0.506
2017-09-29,0.491
2017-10-10,0.48
2017-10-11,0.489
2017-10-12,0.488
2017-10-13,0.475
2017-10-16,0.471
2017-10-17,0.454
2017-10-18,0.457
2017-10-19,0.423
2017-10-20,0.383
2017-10-23,0.422
2017-10-24,0.399
2017-10-25,0.406
2017-10-26,0.361
2017-10-27,0.372
2017-10-30,0.384
2017-10-31,0.407
2017-11-01,0.407
2017-11-02,0.4
2017-11-03,0.393
2017-11-06,0.397
2017-11-07,0.406
2017-11-08,0.387
2017-11-09,0.39
2017-11-10,0.407
2017-11-13,0.403
2017-11-14,0.399
2017-11-15,0.394
2017-11-16,0.393
2017-11-17,0.395
2017-11-20,0.39
2017-11-21,0.387
2017-11-22,0.371
2017-11-23,0.387
2017-11-24,0.368
2017-11-27,0.378
2017-11-28,0.365
2017-11-29,0.368
2017-11-30,0.402
2017-12-01,0.408
2017-12-04,0.402
2017-12-05,0.39
2017-12-06,0.383
2017-12-07,0.388
2017-12-08,0.392
2017-12-11,0.395
2017-12-12,0.379
2017-12-13,0.375
2017-12-14,0.37
2017-12-15,0.355
2017-12-18,0.343
2017-12-19,0.354
2017-12-20,0.38
2017-12-21,0.389
2017-12-22,0.365
2017-12-26,0.362
2017-12-27,0.347
2017-12-28,0.335
2017-12-29,0.334
2018-01-02,0.37
2018-01-03,0.381
2018-01-04,0.381
2018-01-05,0.419
2018-01-08,0.405
2018-01-09,0.416
2018-01-10,0.465
2018-01-11,0.437
2018-01-12,0.449
2018-01-15,0.435
2018-01-16,0.416
2018-01-17,0.409
2018-01-18,0.448
2018-01-19,0.468
2018-01-22,0.449
2018-01-23,0.462
2018-01-24,0.447
2018-01-25,0.446
2018-01-26,0.457
2018-01-29,0.463
2018-01-30,0.48
2018-01-31,0.495
2018-02-01,0.507
2018-02-02,0.506
2018-02-05,0.516
2018-02-06,0.496
2018-02-07,0.47
2018-02-08,0.472
2018-02-09,0.479
2018-02-12,0.504
2018-02-13,0.502
2018-02-14,0.498
2018-02-19,0.496
2018-02-20,0.491
2018-02-21,0.495
2018-02-22,0.5
2018-02-23,0.507
2018-02-26,0.5
2018-02-27,0.472
2018-02-28,0.47
2018-03-02,0.451
2018-03-05,0.426
2018-03-06,0.447
2018-03-07,0.43
2018-03-08,0.444
2018-03-09,0.451
2018-03-12,0.454
2018-03-13,0.445
2018-03-14,0.437
2018-03-15,0.436
2018-03-16,0.437
2018-03-19,0.449
2018-03-20,0.446
2018-03-21,0.432
2018-03-22,0.438
2018-03-23,0.425
2018-03-26,0.443
2018-03-27,0.444
2018-03-28,0.418
2018-03-29,0.415
2018-03-30,0.408
2018-04-02,0.418
2018-04-03,0.441
2018-04-04,0.449
2018-04-05,0.458
2018-04-06,0.451
2018-04-09,0.446
2018-04-10,0.437
2018-04-11,0.431
2018-04-12,0.424
2018-04-13,0.448
2018-04-16,0.456
2018-04-17,0.458
2018-04-18,0.456
2018-04-19,0.452
2018-04-20,0.471
2018-04-23,0.49
2018-04-24,0.499
2018-04-25,0.516
2018-04-26,0.515
2018-04-27,0.499
2018-04-30,0.497
2018-05-02,0.514
2018-05-03,0.505
2018-05-04,0.481
2018-05-08,0.476
2018-05-09,0.496
2018-05-10,0.496
2018-05-11,0.499
2018-05-14,0.486
2018-05-15,0.502
2018-05-16,0.509
2018-05-17,0.534
2018-05-18,0.534
2018-05-21,0.518
2018-05-23,0.512
2018-05-24,0.529
2018-05-25,0.518
2018-05-28,0.518
2018-05-29,0.504
2018-05-30,0.505
2018-05-31,0.5
2018-06-01,0.51
2018-06-04,0.52
2018-06-05,0.515
2018-06-07,0.533
2018-06-08,0.525
2018-06-11,0.509
2018-06-12,0.498
2018-06-14,0.484
2018-06-15,0.486
2018-06-18,0.472
2018-06-19,0.456
2018-06-20,0.455
2018-06-21,0.445
2018-06-22,0.461
2018-06-25,0.462
2018-06-26,0.47
2018-06-27,0.454
2018-06-28,0.443
2018-06-29,0.434
2018-07-02,0.407
2018-07-03,0.439
2018-07-04,0.431
2018-07-05,0.452
2018-07-06,0.454
2018-07-09,0.451
2018-07-10,0.458
2018-07-11,0.458
2018-07-12,0.452
2018-07-13,0.451
2018-07-16,0.458
2018-07-17,0.458
2018-07-18,0.443
2018-07-19,0.451
2018-07-20,0.445
2018-07-23,0.458
2018-07-24,0.483
2018-07-25,0.467
2018-07-26,0.479
2018-07-27,0.459
2018-07-30,0.445
2018-07-31,0.444
2018-08-01,0.465
2018-08-02,0.461
2018-08-03,0.472
2018-08-06,0.464
2018-08-07,0.475
2018-08-08,0.487
2018-08-09,0.471
2018-08-10,0.45
2018-08-13,0.454
2018-08-14,0.44
2018-08-16,0.425
2018-08-17,0.434
2018-08-20,0.422
2018-08-21,0.462
2018-08-22,0.44
2018-08-23,0.432
2018-08-24,0.418
2018-08-27,0.408
2018-08-28,0.389
2018-08-29,0.407
2018-08-30,0.387
2018-08-31,0.395
2018-09-03,0.37
2018-09-04,0.381
2018-09-05,0.369
2018-09-06,0.362
2018-09-07,0.349
2018-09-10,0.34
2018-09-11,0.35
2018-09-12,0.361
2018-09-13,0.341
2018-09-14,0.349
2018-09-17,0.349
2018-09-18,0.357
2018-09-19,0.378
2018-09-20,0.393
2018-09-21,0.39
2018-09-27,0.369
2018-09-28,0.352
2018-10-01,0.362
2018-10-02,0.356
2018-10-04,0.379
2018-10-05,0.369
2018-10-08,0.362
2018-10-10,0.354
2018-10-11,0.349
2018-10-12,0.349
2018-10-15,0.329
2018-10-16,0.332
2018-10-17,0.318
2018-10-18,0.312
2018-10-19,0.329
2018-10-22,0.335
2018-10-23,0.318
2018-10-24,0.302
2018-10-25,0.287
2018-10-26,0.28
2018-10-29,0.277
2018-10-30,0.29
2018-10-31,0.304
2018-11-01,0.309
2018-11-02,0.301
2018-11-05,0.297
2018-11-06,0.311
2018-11-07,0.295
2018-11-08,0.291
2018-11-09,0.273
2018-11-12,0.265
2018-11-13,0.271
2018-11-14,0.273
2018-11-15,0.288
2018-11-16,0.273
2018-11-19,0.259
2018-11-20,0.266
2018-11-21,0.263
2018-11-22,0.264
2018-11-23,0.255
2018-11-26,0.253
2018-11-27,0.242
2018-11-28,0.235
2018-11-29,0.225
2018-11-30,0.209
2018-12-03,0.204
2018-12-04,0.188
2018-12-05,0.157
2018-12-06,0.144
2018-12-07,0.159
2018-12-10,0.175
2018-12-11,0.188
2018-12-12,0.207
2018-12-13,0.223
2018-12-14,0.221
2018-12-17,0.209
2018-12-18,0.186
2018-12-19,0.149
2018-12-20,0.132
2018-12-21,0.132
2018-12-24,0.144
2018-12-26,0.141
2018-12-27,0.133
2018-12-28,0.131
2018-12-31,0.131
2019-01-02,0.146
2019-01-03,0.159
2019-01-04,0.175
2019-01-07,0.17
2019-01-08,0.184
2019-01-09,0.176
2019-01-10,0.168
2019-01-11,0.188
2019-01-14,0.176
2019-01-15,0.171
2019-01-16,0.179
2019-01-17,0.181
2019-01-18,0.194
2019-01-21,0.207
2019-01-22,0.194
2019-01-23,0.181
2019-01-24,0.183
2019-01-25,0.193
2019-01-28,0.199
2019-01-29,0.212
2019-01-30,0.224
2019-01-31,0.192
2019-02-01,0.18
2019-02-07,0.194
2019-02-08,0.179
2019-02-11,0.162
2019-02-12,0.182
2019-02-13,0.186
2019-02-14,0.196
2019-02-15,0.183
2019-02-18,0.193
2019-02-19,0.196
2019-02-20,0.19
2019-02-21,0.199
2019-02-22,0.194
2019-02-25,0.193
2019-02-26,0.187
2019-02-27,0.177
2019-02-28,0.174
2019-03-04,0.193
2019-03-05,0.193
2019-03-06,0.193
2019-03-07,0.188
2019-03-08,0.171
2019-03-11,0.176
2019-03-12,0.181
2019-03-13,0.171
2019-03-14,0.185
2019-03-15,0.186
2019-03-18,0.182
2019-03-19,0.169
2019-03-20,0.168
2019-03-21,0.139
2019-03-22,0.134
2019-03-25,0.118
2019-03-26,0.142
2019-03-27,0.123
2019-03-28,0.131
2019-03-29,0.143
2019-04-01,0.14
2019-04-02,0.15
2019-04-03,0.169
2019-04-04,0.157
2019-04-05,0.158
2019-04-08,0.145
2019-04-09,0.147
2019-04-10,0.14
2019-04-11,0.135
2019-04-12,0.148
2019-04-15,0.165
2019-04-16,0.167
2019-04-17,0.169
2019-04-18,0.152
2019-04-19,0.143
2019-04-22,0.16
2019-04-23,0.155
2019-04-24,0.163
2019-04-25,0.155
2019-04-26,0.156
2019-04-29,0.152
2019-04-30,0.146
2019-05-02,0.153
2019-05-03,0.161
2019-05-07,0.162
2019-05-08,0.161
2019-05-09,0.153
2019-05-10,0.154
2019-05-13,0.153
2019-05-14,0.157
2019-05-15,0.155
2019-05-16,0.145
2019-05-17,0.152
2019-05-20,0.166
2019-05-21,0.167
2019-05-22,0.161
2019-05-23,0.16
2019-05-24,0.149
2019-05-27,0.145
2019-05-28,0.139
2019-05-29,0.122
2019-05-30,0.115
2019-05-31,0.095
2019-06-03,0.116
2019-06-04,0.114
2019-06-05,0.112
2019-06-07,0.119
2019-06-10,0.128
2019-06-11,0.138
2019-06-12,0.131
2019-06-13,0.133
2019-06-14,0.121
2019-06-17,0.13
2019-06-18,0.121
2019-06-19,0.117
2019-06-20,0.125
2019-06-21,0.129
2019-06-24,0.123
2019-06-25,0.106
2019-06-26,0.109
2019-06-27,0.122
2019-06-28,0.124
2019-07-01,0.129
2019-07-02,0.123
2019-07-03,0.105
2019-07-04,0.107
2019-07-05,0.11
2019-07-08,0.108
2019-07-09,0.114
2019-07-10,0.124
2019-07-11,0.128
2019-07-12,0.145
2019-07-15,0.148
2019-07-16,0.142
2019-07-17,0.147
2019-07-18,0.127
2019-07-19,0.129
2019-07-22,0.132
2019-07-23,0.133
2019-07-24,0.144
2019-07-25,0.129
2019-07-26,0.118
2019-07-29,0.106
2019-07-30,0.108
2019-07-31,0.098
2019-08-01,0.101
2019-08-02,0.089
2019-08-05,0.081
2019-08-06,0.093
2019-08-07,0.098
2019-08-08,0.105
2019-08-09,0.1
2019-08-12,0.103
2019-08-13,0.079
2019-08-14,0.082
2019-08-16,0.077
2019-08-19,0.091
2019-08-20,0.097
2019-08-21,0.121
2019-08-22,0.099
2019-08-23,0.092
2019-08-26,0.07
2019-08-27,0.067
2019-08-28,0.064
2019-08-29,0.081
2019-08-30,0.108
2019-09-02,0.111
2019-09-03,0.103
2019-09-04,0.103
2019-09-05,0.108
2019-09-06,0.116
2019-09-09,0.118
2019-09-10,0.128
2019-09-11,0.139
2019-09-16,0.188
2019-09-17,0.185
2019-09-18,0.159
2019-09-19,0.134
2019-09-20,0.123
2019-09-23,0.131
2019-09-24,0.129
2019-09-25,0.12
2019-09-26,0.132
2019-09-27,0.137
2019-09-30,0.159
2019-10-01,0.175
2019-10-02,0.194
2019-10-04,0.163
2019-10-07,0.154
2019-10-08,0.165
2019-10-10,0.183
2019-10-11,0.207
2019-10-14,0.207
2019-10-15,0.218
2019-10-16,0.21
2019-10-17,0.203
2019-10-18,0.212
2019-10-21,0.252
2019-10-22,0.276
2019-10-23,0.266
2019-10-24,0.245
2019-10-25,0.242
2019-10-28,0.242
2019-10-29,0.278
2019-10-30,0.272
2019-10-31,0.262
2019-11-01,0.265
2019-11-04,0.277
2019-11-05,0.295
2019-11-06,0.29
2019-11-07,0.281
2019-11-08,0.285
2019-11-11,0.288
2019-11-12,0.278
2019-11-13,0.277
2019-11-14,0.27
2019-11-15,0.277
2019-11-18,0.263
2019-11-19,0.249
2019-11-20,0.221
2019-11-21,0.21
2019-11-22,0.231
2019-11-25,0.25
2019-11-26,0.232
2019-11-27,0.215
2019-11-28,0.237
2019-11-29,0.245
2019-12-02,0.263
2019-12-03,0.276
2019-12-04,0.251
2019-12-05,0.238
2019-12-06,0.25
2019-12-09,0.252
2019-12-10,0.226
2019-12-11,0.24
2019-12-12,0.237
2019-12-13,0.247
2019-12-16,0.243
2019-12-17,0.242
2019-12-18,0.249
2019-12-19,0.272
2019-12-20,0.281
2019-12-23,0.262
2019-12-24,0.261
2019-12-26,0.274
2019-12-27,0.313
2019-12-30,0.323
2019-12-31,0.323
2020-01-02,0.311
2020-01-03,0.285
2020-01-06,0.264
2020-01-07,0.282
2020-01-08,0.267
2020-01-09,0.271
2020-01-10,0.281
2020-01-13,0.311
2020-01-14,0.33
2020-01-15,0.304
2020-01-16,0.275
2020-01-17,0.308
2020-01-20,0.307
2020-01-21,0.294
2020-01-22,0.286
2020-01-23,0.28
2020-01-28,0.251
2020-01-29,0.252
2020-01-30,0.252
2020-01-31,0.255
2020-02-03,0.256
2020-02-04,0.297
2020-02-05,0.294
2020-02-06,0.319
2020-02-07,0.321
2020-02-10,0.307
2020-02-11,0.303
2020-02-12,0.316
2020-02-13,0.334
2020-02-14,0.323
2020-02-17,0.302
2020-02-18,0.289
2020-02-19,0.275
2020-02-20,0.281
2020-02-21,0.261
2020-02-24,0.277
2020-02-25,0.258
2020-02-26,0.26
2020-02-27,0.249
2020-02-28,0.229
2020-03-02,0.244
2020-03-03,0.261
2020-03-04,0.27
2020-03-05,0.286
2020-03-06,0.292
2020-03-09,0.248
2020-03-10,0.273
2020-03-11,0.283
2020-03-12,0.325
2020-03-13,0.421
2020-03-16,0.425
2020-03-17,0.411
2020-03-18,0.452
2020-03-19,0.464
2020-03-20,0.504
2020-03-23,0.565
2020-03-24,0.581
2020-03-25,0.516
2020-03-26,0.435
2020-03-27,0.472
2020-03-30,0.464
2020-03-31,0.481
2020-04-01,0.453
2020-04-02,0.459
2020-04-03,0.482
2020-04-06,0.491
2020-04-07,0.533
2020-04-08,0.487
2020-04-09,0.452
2020-04-10,0.474
2020-04-13,0.473
2020-04-14,0.468
2020-04-16,0.429
2020-04-17,0.432
2020-04-20,0.431
2020-04-21,0.423
2020-04-22,0.486
2020-04-23,0.509
2020-04-24,0.528
2020-04-27,0.55
2020-04-28,0.527
2020-04-29,0.512
2020-05-04,0.524
2020-05-06,0.548
2020-05-07,0.534
2020-05-08,0.512
2020-05-11,0.536
2020-05-12,0.538
2020-05-13,0.536
2020-05-14,0.512
2020-05-15,0.509
2020-05-18,0.507
2020-05-19,0.515
2020-05-20,0.49
2020-05-21,0.486
2020-05-22,0.51
2020-05-25,0.501
2020-05-26,0.489
2020-05-27,0.477
2020-05-28,0.525
2020-05-29,0.548
2020-06-01,0.564
2020-06-02,0.527
2020-06-03,0.56
2020-06-04,0.546
2020-06-05,0.558
2020-06-08,0.551
2020-06-09,0.536
2020-06-10,0.558
2020-06-11,0.546
2020-06-12,0.547
2020-06-15,0.563
2020-06-16,0.542
2020-06-17,0.535
2020-06-18,0.528
2020-06-19,0.536
2020-06-22,0.544
2020-06-23,0.558
2020-06-24,0.544
2020-06-25,0.527
2020-06-26,0.516
2020-06-29,0.523
2020-06-30,0.531
2020-07-01,0.555
2020-07-02,0.546
2020-07-03,0.549
2020-07-06,0.556
2020-07-07,0.545
2020-07-08,0.538
2020-07-09,0.551
2020-07-10,0.548
2020-07-13,0.56
2020-07-14,0.564
2020-07-15,0.567
2020-07-16,0.549
2020-07-17,0.536
2020-07-20,0.533
2020-07-21,0.538
2020-07-22,0.536
2020-07-23,0.52
2020-07-24,0.506
2020-07-27,0.501
2020-07-28,0.516
2020-07-29,0.498
2020-07-30,0.482
2020-07-31,0.5
2020-08-03,0.507
2020-08-04,0.504
2020-08-05,0.498
2020-08-06,0.499
2020-08-07,0.509
2020-08-10,0.533
2020-08-11,0.527
2020-08-12,0.546
2020-08-13,0.547
2020-08-14,0.568
2020-08-18,0.547
2020-08-19,0.542
2020-08-20,0.566
2020-08-21,0.556
2020-08-24,0.554
2020-08-25,0.562
2020-08-26,0.569
2020-08-27,0.569
2020-08-28,0.593
2020-08-31,0.576
2020-09-01,0.605
2020-09-02,0.616
2020-09-03,0.605
2020-09-04,0.598
2020-09-07,0.599
2020-09-08,0.606
2020-09-09,0.603
2020-09-10,0.602
2020-09-11,0.604
2020-09-14,0.598
2020-09-15,0.596
2020-09-16,0.575
2020-09-17,0.594
2020-09-18,0.596
2020-09-21,0.589
2020-09-22,0.575
2020-09-23,0.564
2020-09-24,0.58
2020-09-25,0.569
2020-09-28,0.583
2020-09-29,0.584
2020-10-05,0.598
2020-10-06,0.626
2020-10-07,0.623
2020-10-08,0.636
2020-10-12,0.628
2020-10-13,0.604
2020-10-14,0.612
2020-10-15,0.601
2020-10-16,0.605
2020-10-19,0.55
2020-10-20,0.551
2020-10-21,0.588
2020-10-22,0.582
2020-10-23,0.585
2020-10-26,0.574
2020-10-27,0.586
2020-10-28,0.583
2020-10-29,0.6
2020-10-30,0.611
2020-11-02,0.631
2020-11-03,0.627
2020-11-04,0.614
2020-11-05,0.6
2020-11-06,0.616
2020-11-09,0.609
2020-11-10,0.648
2020-11-11,0.673
2020-11-12,0.681
2020-11-13,0.662
2020-11-16,0.653
2020-11-17,0.66
2020-11-18,0.653
2020-11-19,0.653
2020-11-20,0.644
2020-11-23,0.626
2020-11-24,0.635
2020-11-25,0.658
2020-11-26,0.674
2020-11-27,0.662
2020-11-30,0.676
2020-12-01,0.667
2020-12-02,0.693
2020-12-03,0.694
2020-12-04,0.689
2020-12-07,0.685
2020-12-08,0.683
2020-12-09,0.69
2020-12-10,0.682
2020-12-11,0.681
2020-12-14,0.684
2020-12-15,0.687
2020-12-16,0.703
2020-12-17,0.733
2020-12-18,0.745
2020-12-21,0.72
2020-12-22,0.712
2020-12-23,0.708
2020-12-24,0.732
2020-12-28,0.723
2020-12-29,0.725
2020-12-30,0.735
2020-12-31,0.737
2021-01-04,0.769
2021-01-05,0.755
2021-01-06,0.778
2021-01-07,0.76
2021-01-08,0.751
2021-01-11,0.723
2021-01-12,0.742
2021-01-13,0.74
2021-01-14,0.746
2021-01-15,0.758
2021-01-18,0.746
2021-01-19,0.737
2021-01-20,0.727
2021-01-21,0.735
2021-01-22,0.765
2021-01-25,0.774
2021-01-26,0.763
2021-01-27,0.775
2021-01-28,0.787
2021-01-29,0.797
2021-02-01,0.809
2021-02-02,0.778
2021-02-03,0.79
2021-02-04,0.809
2021-02-05,0.809
2021-02-08,0.821
2021-02-09,0.823
2021-02-10,0.836
2021-02-15,0.873
2021-02-16,0.866
2021-02-17,0.876
2021-02-18,0.869
2021-02-19,0.879
2021-02-22,0.902
2021-02-23,0.886
2021-02-24,0.845
2021-02-25,0.889
2021-02-26,0.94
2021-03-02,0.945
2021-03-03,0.932
2021-03-04,0.942
2021-03-05,0.926
2021-03-08,0.889
2021-03-09,0.828
2021-03-10,0.854
2021-03-11,0.848
2021-03-12,0.869
2021-03-15,0.914
2021-03-16,0.921
2021-03-17,0.957
2021-03-18,1.017
2021-03-19,0.953
2021-03-22,0.927
2021-03-23,0.9
2021-03-24,0.877
2021-03-25,0.878
2021-03-26,0.888
2021-03-29,0.861
2021-03-30,0.908
2021-03-31,0.924
2021-04-01,0.885
2021-04-02,0.898
2021-04-05,0.892
2021-04-06,0.888
2021-04-07,0.883
2021-04-08,0.86
2021-04-09,0.861
2021-04-12,0.863
2021-04-13,0.889
2021-04-14,0.888
2021-04-15,0.873
2021-04-16,0.869
2021-04-19,0.852
2021-04-20,0.869
2021-04-21,0.895
2021-04-22,0.884
2021-04-23,0.923
2021-04-26,0.97
2021-04-27,0.974
2021-04-28,0.977
2021-04-29,0.977
2021-04-30,0.987
2021-05-03,0.975
2021-05-04,0.972
2021-05-06,0.962
2021-05-07,0.986
2021-05-10,0.998
2021-05-11,1.011
2021-05-12,1.004
2021-05-13,1.033
2021-05-14,1.042
2021-05-17,1.01
2021-05-18,1.019
2021-05-20,1.032
2021-05-21,1.028
2021-05-24,1.004
2021-05-25,0.987
2021-05-26,0.967
2021-05-27,0.987
2021-05-28,0.97
2021-05-31,0.952
2021-06-01,0.973
2021-06-02,0.996
2021-06-03,1.004
2021-06-04,0.953
2021-06-07,0.955
2021-06-08,0.942
2021-06-09,0.966
2021-06-10,0.803
2021-06-11,0.825
2021-06-14,0.809
2021-06-15,0.764
2021-06-16,0.784
2021-06-17,0.752
2021-06-18,0.728
2021-06-21,0.655
2021-06-22,0.719
2021-06-23,0.703
2021-06-24,0.676
2021-06-25,0.659
2021-06-28,0.667
2021-06-29,0.65
2021-06-30,0.644
2021-07-01,0.621
2021-07-02,0.617
2021-07-05,0.627
2021-07-06,0.654
2021-07-07,0.629
2021-07-08,0.644
2021-07-09,0.658
2021-07-12,0.638
2021-07-13,0.611
2021-07-14,0.618
2021-07-15,0.527
2021-07-16,0.557
2021-07-19,0.513
2021-07-20,0.483
2021-07-21,0.495
2021-07-22,0.524
2021-07-23,0.495
2021-07-26,0.494
2021-07-27,0.488
2021-07-28,0.443
2021-07-29,0.458
2021-07-30,0.457
2021-08-02,0.472
2021-08-03,0.448
2021-08-04,0.448
2021-08-05,0.464
2021-08-06,0.467
2021-08-09,0.478
2021-08-10,0.484
2021-08-11,0.515
2021-08-12,0.509
2021-08-13,0.517
2021-08-17,0.484
2021-08-18,0.492
2021-08-19,0.508
2021-08-20,0.489
2021-08-23,0.5
2021-08-24,0.501
2021-08-25,0.501
2021-08-26,0.53
2021-08-27,0.531
2021-08-30,0.515
2021-08-31,0.517
2021-09-01,0.525
2021-09-02,0.519
2021-09-03,0.506
2021-09-06,0.511
2021-09-07,0.511
2021-09-08,0.527
2021-09-09,0.501
2021-09-10,0.505
2021-09-13,0.512
2021-09-14,0.525
2021-09-15,0.533
2021-09-16,0.533
2021-09-17,0.533
2021-09-23,0.541
2021-09-24,0.577
2021-09-27,0.602
2021-09-28,0.647
2021-09-29,0.62
2021-09-30,0.644
2021-10-01,0.625
2021-10-05,0.641
2021-10-06,0.68
2021-10-07,0.683
2021-10-08,0.673
2021-10-12,0.632
2021-10-13,0.577
2021-10-14,0.538
2021-10-15,0.561
2021-10-18,0.525
2021-10-19,0.513
2021-10-20,0.545
2021-10-21,0.552
2021-10-22,0.522
2021-10-25,0.507
2021-10-26,0.51
2021-10-27,0.443
2021-10-28,0.38
2021-10-29,0.472
2021-11-01,0.398
2021-11-02,0.442
2021-11-03,0.434
2021-11-04,0.388
2021-11-05,0.406
2021-11-08,0.423
2021-11-09,0.428
2021-11-10,0.432
2021-11-11,0.428
2021-11-12,0.376
2021-11-15,0.386
2021-11-16,0.37
2021-11-17,0.385
2021-11-18,0.385
2021-11-19,0.406
2021-11-22,0.368
2021-11-23,0.369
2021-11-24,0.381
2021-11-25,0.415
2021-11-26,0.392
2021-11-29,0.422
2021-11-30,0.414
2021-12-01,0.369
2021-12-02,0.353
2021-12-03,0.334
2021-12-06,0.348
2021-12-07,0.368
2021-12-08,0.354
2021-12-09,0.394
2021-12-10,0.396
2021-12-13,0.379
2021-12-14,0.385
2021-12-15,0.358
2021-12-16,0.381
2021-12-17,0.386
2021-12-20,0.367
2021-12-21,0.379
2021-12-22,0.39
2021-12-23,0.407
2021-12-24,0.408
2021-12-27,0.435
2021-12-28,0.412
2021-12-29,0.397
2021-12-30,0.449
2021-12-31,0.452
2022-01-03,0.47
2022-01-04,0.452
2022-01-05,0.462
2022-01-06,0.468
2022-01-07,0.443
2022-01-10,0.426
2022-01-11,0.447
2022-01-12,0.43
2022-01-13,0.444
2022-01-14,0.409
2022-01-17,0.42
2022-01-18,0.426
2022-01-19,0.464
2022-01-20,0.439
2022-01-21,0.408
2022-01-24,0.428
2022-01-25,0.402
2022-01-26,0.417
2022-01-27,0.395
2022-01-28,0.397
2022-02-03,0.408
2022-02-04,0.425
2022-02-07,0.401
2022-02-08,0.43
2022-02-09,0.412
2022-02-10,0.422
2022-02-11,0.404
2022-02-14,0.367
2022-02-15,0.365
2022-02-16,0.377
2022-02-17,0.413
2022-02-18,0.406
2022-02-21,0.407
2022-02-22,0.39
2022-02-23,0.405
2022-02-24,0.398
2022-02-25,0.427
2022-02-28,0.433
2022-03-02,0.426
2022-03-03,0.453
2022-03-04,0.444
2022-03-07,0.419
2022-03-08,0.435
2022-03-10,0.459
2022-03-11,0.445
2022-03-14,0.456
2022-03-15,0.468
2022-03-16,0.5
2022-03-17,0.487
2022-03-18,0.506
2022-03-21,0.473
2022-03-22,0.433
2022-03-23,0.402
2022-03-24,0.401
2022-03-25,0.366
2022-03-28,0.284
2022-03-29,0.272
2022-03-30,0.27
2022-03-31,0.306
2022-04-01,0.223
2022-04-04,0.228
2022-04-05,0.201
2022-04-06,0.188
2022-04-07,0.223
2022-04-08,0.182
2022-04-11,0.119
2022-04-12,0.208
2022-04-13,0.286
2022-04-14,0.332
2022-04-15,0.357
2022-04-18,0.365
2022-04-19,0.369
2022-04-20,0.356
2022-04-21,0.369
2022-04-22,0.343
2022-04-25,0.331
2022-04-26,0.36
2022-04-27,0.286
2022-04-28,0.241
2022-04-29,0.284
2022-05-02,0.294
2022-05-03,0.267
2022-05-04,0.256
2022-05-06,0.285
2022-05-09,0.352
2022-05-10,0.357
2022-05-11,0.341
2022-05-12,0.269
2022-05-13,0.31
2022-05-16,0.231
2022-05-17,0.256
2022-05-18,0.251
2022-05-19,0.261
2022-05-20,0.234
2022-05-23,0.24
2022-05-24,0.247
2022-05-25,0.231
2022-05-26,0.283
2022-05-27,0.265
2022-05-30,0.269
2022-05-31,0.299
2022-06-02,0.296
2022-06-03,0.284
2022-06-07,0.306
2022-06-08,0.263
2022-06-09,0.3
2022-06-10,0.22
2022-06-13,0.14
2022-06-14,0.143
2022-06-15,0.129
2022-06-16,0.039
2022-06-17,0.05
2022-06-20,0.109
2022-06-21,0.112
2022-06-22,0.16
2022-06-23,0.118
2022-06-24,0.112
2022-06-27,0.152
2022-06-28,0.128
2022-06-29,0.115
2022-06-30,0.086
2022-07-01,0.051
2022-07-04,0.059
2022-07-05,0.078
2022-07-06,0.056
2022-07-07,0.045
2022-07-08,0.045
2022-07-11,0.061
2022-07-12,0.058
2022-07-13,0.09
2022-07-14,0.035
2022-07-15,0.037
2022-07-18,0.058
2022-07-19,0.061
2022-07-20,0.064
2022-07-21,0.08
2022-07-22,0.084
2022-07-25,0.058
2022-07-26,0.062
2022-07-27,0.031
2022-07-28,0.071
2022-07-29,0.118
2022-08-01,0.103
2022-08-02,0.076
2022-08-03,0.066
2022-08-04,0.038
2022-08-05,0.045
2022-08-08,0.043
2022-08-09,0.032
2022-08-10,0.053
2022-08-11,0.095
2022-08-12,0.101
2022-08-16,0.078
2022-08-17,0.101
2022-08-18,0.096
2022-08-19,0.113
2022-08-22,0.097
2022-08-23,0.08
2022-08-24,0.122
2022-08-25,0.062
2022-08-26,0.091
2022-08-29,0.062
2022-08-30,0.053
2022-08-31,0.036
2022-09-01,0.027
2022-09-02,0.06
2022-09-05,0.054
2022-09-06,0.03
2022-09-07,0.051
2022-09-08,0.079
2022-09-13,0.084
2022-09-14,0.066
2022-09-15,0.021
2022-09-16,0.005
2022-09-19,0.035
2022-09-20,0.013
2022-09-21,0.044
2022-09-22,-0.107
2022-09-23,-0.087
2022-09-26,-0.213
2022-09-27,-0.096
2022-09-28,-0.006
2022-09-29,-0.074
2022-09-30,-0.09
2022-10-04,-0.075
2022-10-05,-0.055
2022-10-06,-0.043
2022-10-07,-0.062
2022-10-11,-0.036
2022-10-12,0.003
2022-10-13,0.036
2022-10-14,-0.026
2022-10-17,-0.024
2022-10-18,0.035
2022-10-19,0.065
2022-10-20,0.089
2022-10-21,0.137
2022-10-24,0.198
2022-10-25,0.125
2022-10-26,0.071
2022-10-27,0.059
2022-10-28,0.055
2022-10-31,0.057
2022-11-01,0.067
2022-11-02,0.048
2022-11-03,0.039
2022-11-04,0.064
2022-11-07,0.072
2022-11-08,0.08
2022-11-09,0.091
2022-11-10,0.037
2022-11-11,0.06
2022-11-14,0.078
2022-11-15,0.108
2022-11-16,0.088
2022-11-17,0.049
2022-11-18,0.014
2022-11-21,-0.073
2022-11-22,-0.071
2022-11-23,-0.075
2022-11-24,-0.067
2022-11-25,-0.021
2022-11-28,-0.063
2022-11-29,-0.05
2022-11-30,-0.022
2022-12-01,0.013
2022-12-02,-0.033
2022-12-05,-0.06
2022-12-06,-0.129
2022-12-07,-0.149
2022-12-08,-0.146
2022-12-09,-0.166
2022-12-12,-0.175
2022-12-13,-0.154
2022-12-14,-0.124
2022-12-15,-0.156
2022-12-16,-0.179
2022-12-19,-0.15
2022-12-20,-0.082
2022-12-21,-0.072
2022-12-22,-0.072
2022-12-23,-0.071
2022-12-26,-0.024
2022-12-27,-0.051
2022-12-28,0.005
2022-12-29,0.007
2022-12-30,0.008
2023-01-02,0.029
2023-01-03,0.0
2023-01-04,-0.035
2023-01-05,-0.073
2023-01-06,-0.108
2023-01-09,-0.1
2023-01-10,-0.094
2023-01-11,-0.055
2023-01-12,-0.054
2023-01-13,-0.069
2023-01-16,-0.071
2023-01-17,-0.04
2023-01-18,-0.053
2023-01-19,-0.026
2023-01-20,-0.051
2023-01-25,-0.056
2023-01-26,-0.042
2023-01-27,-0.021
2023-01-30,-0.033
2023-01-31,-0.028
2023-02-01,-0.024
2023-02-02,0.024
2023-02-03,0.038
2023-02-06,0.0
2023-02-07,-0.018
2023-02-08,-0.019
2023-02-09,-0.039
2023-02-10,-0.033
2023-02-13,-0.022
2023-02-14,-0.031
2023-02-15,-0.031
2023-02-16,-0.028
2023-02-17,-0.013
2023-02-20,-0.036
2023-02-21,-0.023
2023-02-22,-0.006
2023-02-23,-0.004
2023-02-24,-0.03
2023-02-27,-0.064
2023-02-28,-0.044
2023-03-02,-0.038
2023-03-03,-0.015
2023-03-06,-0.043
2023-03-07,-0.065
2023-03-08,-0.135
2023-03-09,-0.119
2023-03-10,-0.119
2023-03-13,-0.03
2023-03-14,-0.044
2023-03-15,-0.055
2023-03-16,-0.006
2023-03-17,-0.009
2023-03-20,0.04
2023-03-21,0.01
2023-03-22,0.003
2023-03-23,0.06
2023-03-24,0.05
2023-03-27,0.038
2023-03-28,0.023
2023-03-29,0.031
2023-03-30,0.065
2023-03-31,0.07
2023-04-03,0.047
2023-04-04,0.037
2023-04-05,0.062
2023-04-06,0.067
2023-04-07,0.049
2023-04-10,0.044
2023-04-11,0.024
2023-04-12,0.029
2023-04-13,0.074
2023-04-14,0.071
2023-04-17,0.062
2023-04-18,0.058
2023-04-19,0.033
2023-04-20,0.075
2023-04-21,0.076
2023-04-24,0.076
2023-04-25,0.058
2023-04-26,0.05
2023-04-27,0.054
2023-04-28,0.067
2023-05-02,0.037
2023-05-03,0.043
2023-05-04,0.068
2023-05-08,0.049
2023-05-09,0.062
2023-05-10,0.068
2023-05-11,0.072
2023-05-12,0.049
2023-05-15,0.053
2023-05-16,0.061
2023-05-17,0.045
2023-05-18,0.051
2023-05-19,0.079
2023-05-22,0.077
2023-05-23,0.1
2023-05-24,0.124
2023-05-25,0.117
2023-05-26,0.115
2023-05-30,0.091
2023-05-31,0.073
2023-06-01,0.071
2023-06-02,0.059
2023-06-05,0.059
2023-06-07,0.051
2023-06-08,0.089
2023-06-09,0.107
2023-06-12,0.083
2023-06-13,0.094
2023-06-14,0.09
2023-06-15,0.059
2023-06-16,0.072
2023-06-19,0.05
2023-06-20,0.075
2023-06-21,0.05
2023-06-22,0.055
2023-06-23,0.054
2023-06-26,0.043
2023-06-27,0.065
2023-06-28,0.054
2023-06-29,0.042
2023-06-30,0.013
2023-07-03,-0.006
2023-07-04,0.004
2023-07-05,0.026
2023-07-06,0.037
2023-07-07,0.026
2023-07-10,0.068
2023-07-11,0.055
2023-07-12,0.052
2023-07-13,0.055
2023-07-14,0.071
2023-07-17,0.049
2023-07-18,0.055
2023-07-19,0.032
2023-07-20,0.025
2023-07-21,0.034
2023-07-24,0.023
2023-07-25,0.039
2023-07-26,0.031
2023-07-27,0.05
2023-07-28,0.093
2023-07-31,0.08
2023-08-01,0.08
2023-08-02,0.116
2023-08-03,0.147
2023-08-04,0.138
2023-08-07,0.125
2023-08-08,0.093
2023-08-09,0.102
2023-08-10,0.099
2023-08-11,0.126
2023-08-14,0.142
2023-08-16,0.155
2023-08-17,0.188
2023-08-18,0.185
2023-08-21,0.178
2023-08-22,0.184
2023-08-23,0.149
2023-08-24,0.119
2023-08-25,0.146
2023-08-28,0.113
2023-08-29,0.104
2023-08-30,0.118
2023-08-31,0.11
2023-09-01,0.089
2023-09-04,0.118
2023-09-05,0.121
2023-09-06,0.128
2023-09-07,0.122
2023-09-08,0.1
2023-09-11,0.096
2023-09-12,0.102
2023-09-13,0.096
2023-09-14,0.081
2023-09-15,0.078
2023-09-18,0.091
2023-09-19,0.065
2023-09-20,0.073
2023-09-21,0.101
2023-09-22,0.125
2023-09-25,0.136
2023-09-26,0.163
2023-09-27,0.146
2023-10-04,0.243
2023-10-05,0.241
2023-10-06,0.225
2023-10-10,0.222
2023-10-11,0.189
2023-10-12,0.169
2023-10-13,0.212
2023-10-16,0.218
2023-10-17,0.233
2023-10-18,0.256
2023-10-19,0.292
2023-10-20,0.294
2023-10-23,0.319
2023-10-24,0.265
2023-10-25,0.243
2023-10-26,0.288
2023-10-27,0.207
2023-10-30,0.223
2023-10-31,0.24
2023-11-01,0.217
2023-11-02,0.189
2023-11-03,0.156
2023-11-06,0.179
2023-11-07,0.168
2023-11-08,0.154
2023-11-09,0.098
2023-11-10,0.107
2023-11-13,0.128
2023-11-14,0.123
2023-11-15,0.071
2023-11-16,0.098
2023-11-17,0.115
2023-11-20,0.088
2023-11-21,0.082
2023-11-22,0.096
2023-11-23,0.068
2023-11-24,0.102
2023-11-27,0.078
2023-11-28,0.078
2023-11-29,0.087
2023-11-30,0.116
2023-12-01,0.112
2023-12-04,0.095
2023-12-05,0.095
2023-12-06,0.07
2023-12-07,0.065
2023-12-08,0.073
2023-12-11,0.086
2023-12-12,0.081
2023-12-13,0.06
2023-12-14,0.074
2023-12-15,0.077
2023-12-18,0.059
2023-12-19,0.032
2023-12-20,0.048
2023-12-21,0.061
2023-12-22,0.067
2023-12-26,0.05
2023-12-27,0.04
2023-12-28,0.029
2023-12-29,0.029
2024-01-02,0.066
2024-01-03,0.06
2024-01-04,0.061
2024-01-05,0.061
2024-01-08,0.047
2024-01-09,0.068
2024-01-10,0.077
2024-01-11,0.08
2024-01-12,0.102
2024-01-15,0.102
2024-01-16,0.087
2024-01-17,0.092
2024-01-18,0.095
2024-01-19,0.115
2024-01-22,0.094
2024-01-23,0.086
2024-01-24,0.1
2024-01-25,0.106
2024-01-26,0.123
2024-01-29,0.132
2024-01-30,0.082
2024-01-31,0.084
2024-02-01,0.072
2024-02-02,0.039
2024-02-05,0.062
2024-02-06,0.09
2024-02-07,0.092
2024-02-08,0.095
2024-02-13,0.1
2024-02-14,0.077
2024-02-15,0.072
2024-02-16,0.077
2024-02-19,0.07
2024-02-20,0.084
2024-02-21,0.072
2024-02-22,0.082
2024-02-23,0.094
2024-02-26,0.062
2024-02-27,0.066
2024-02-28,0.083
2024-02-29,0.09
2024-03-04,0.074
2024-03-05,0.06
2024-03-06,0.056
2024-03-07,0.078
2024-03-08,0.063
2024-03-11,0.067
2024-03-12,0.062
2024-03-13,0.08
2024-03-14,0.081
2024-03-15,0.102
2024-03-18,0.087
2024-03-19,0.089
2024-03-20,0.08
2024-03-21,0.105
2024-03-22,0.078
2024-03-25,0.08
2024-03-26,0.096
2024-03-27,0.085
2024-03-28,0.084
2024-03-29,0.091
2024-04-01,0.09
2024-04-02,0.092
2024-04-03,0.111
2024-04-04,0.119
2024-04-05,0.104
2024-04-08,0.105
2024-04-09,0.112
2024-04-11,0.119
2024-04-12,0.135
2024-04-15,0.121
2024-04-16,0.149
2024-04-17,0.157
2024-04-18,0.135
2024-04-19,0.115
2024-04-22,0.138
2024-04-23,0.136
2024-04-24,0.136
2024-04-25,0.164
2024-04-26,0.163
2024-04-29,0.152
2024-04-30,0.127
2024-05-02,0.129
2024-05-03,0.114
2024-05-07,0.088
2024-05-08,0.091
2024-05-09,0.103
2024-05-10,0.098
2024-05-13,0.102
2024-05-14,0.092
2024-05-16,0.083
2024-05-17,0.075
2024-05-20,0.085
2024-05-21,0.08
2024-05-22,0.069
2024-05-23,0.07
2024-05-24,0.092
2024-05-27,0.085
2024-05-28,0.087
2024-05-29,0.111
2024-05-30,0.124
2024-05-31,0.126
2024-06-03,0.098
2024-06-04,0.08
2024-06-05,0.085
2024-06-07,0.077
2024-06-10,0.08
2024-06-11,0.084
2024-06-12,0.075
2024-06-13,0.068
2024-06-14,0.05
2024-06-17,0.071
2024-06-18,0.065
2024-06-19,0.069
2024-06-20,0.073
2024-06-21,0.079
2024-06-24,0.07
2024-06-25,0.07
2024-06-26,0.063
2024-06-27,0.08
2024-06-28,0.084
2024-07-01,0.102
2024-07-02,0.12
2024-07-03,0.114
2024-07-04,0.106
2024-07-05,0.112
2024-07-08,0.093
2024-07-09,0.077
2024-07-10,0.078
2024-07-11,0.071
2024-07-12,0.076
2024-07-15,0.101
2024-07-16,0.102
2024-07-17,0.089
2024-07-18,0.08
2024-07-19,0.082
2024-07-22,0.074
2024-07-23,0.087
2024-07-24,0.085
2024-07-25,0.104
2024-07-26,0.084
2024-07-29,0.068
2024-07-30,0.058
2024-07-31,0.06
2024-08-01,0.034
2024-08-02,0.037
2024-08-05,0.072
2024-08-06,0.058
2024-08-07,0.072
2024-08-08,0.086
2024-08-09,0.071
2024-08-12,0.054
2024-08-13,0.056
2024-08-14,0.057
2024-08-16,0.045
2024-08-19,0.058
2024-08-20,0.055
2024-08-21,0.057
2024-08-22,0.073
2024-08-23,0.085
2024-08-26,0.084
2024-08-27,0.133
2024-08-28,0.135
2024-08-29,0.136
2024-08-30,0.135
2024-09-02,0.132
2024-09-03,0.139
2024-09-04,0.121
2024-09-05,0.125
2024-09-06,0.109
2024-09-09,0.135
2024-09-10,0.133
2024-09-11,0.123
2024-09-12,0.104
2024-09-13,0.106
2024-09-19,0.136
2024-09-20,0.151
2024-09-23,0.158
2024-09-24,0.172
2024-09-25,0.185
2024-09-26,0.194
2024-09-27,0.174
2024-09-30,0.181
2024-10-02,0.152
2024-10-04,0.172
2024-10-07,0.141
2024-10-08,0.145
2024-10-10,0.126
2024-10-11,0.138
2024-10-14,0.149
2024-10-15,0.144
2024-10-16,0.128
2024-10-17,0.131
2024-10-18,0.164
2024-10-21,0.152
2024-10-22,0.187
2024-10-23,0.192
2024-10-24,0.183
2024-10-25,0.172
2024-10-28,0.185
2024-10-29,0.182
2024-10-30,0.168
2024-10-31,0.164
2024-11-01,0.151
2024-11-04,0.161
2024-11-05,0.155
2024-11-06,0.174
2024-11-07,0.176
2024-11-08,0.16
2024-11-11,0.137
2024-11-12,0.114
2024-11-13,0.128
2024-11-14,0.145
2024-11-15,0.143
2024-11-18,0.148
2024-11-19,0.147
2024-11-20,0.144
2024-11-21,0.149
2024-11-22,0.16
2024-11-25,0.147
2024-11-26,0.13
2024-11-27,0.139
2024-11-28,0.15
2024-11-29,0.144
2024-12-02,0.13
2024-12-03,0.128
2024-12-04,0.139
2024-12-05,0.135
2024-12-06,0.124
2024-12-09,0.098
2024-12-10,0.121
2024-12-11,0.156
2024-12-12,0.151
2024-12-13,0.135
2024-12-16,0.168
2024-12-17,0.169
2024-12-18,0.202
2024-12-19,0.211
2024-12-20,0.244
2024-12-23,0.228
2024-12-24,0.25
2024-12-26,0.256
2024-12-27,0.242
2024-12-30,0.258
2024-12-31,0.259
2025-01-02,0.242
2025-01-03,0.272
2025-01-06,0.293
2025-01-07,0.286
2025-01-08,0.291
2025-01-09,0.278
2025-01-10,0.276
2025-01-13,0.207
2025-01-14,0.195
2025-01-15,0.185
2025-01-16,0.176
2025-01-17,0.225
2025-01-20,0.245
2025-01-21,0.239
2025-01-22,0.25
2025-01-23,0.259
2025-01-24,0.289
2025-01-31,0.286
2025-02-03,0.263
2025-02-04,0.26
2025-02-05,0.24
2025-02-06,0.214
2025-02-07,0.201
2025-02-10,0.192
2025-02-11,0.216
2025-02-12,0.228
2025-02-13,0.241
2025-02-14,0.235
2025-02-17,0.246
2025-02-18,0.237
2025-02-19,0.243
2025-02-20,0.26
2025-02-21,0.238
2025-02-24,0.215
2025-02-25,0.201
2025-02-26,0.161
2025-02-27,0.162
2025-02-28,0.14
2025-03-04,0.162
2025-03-05,0.208
2025-03-06,0.212
2025-03-07,0.208
2025-03-10,0.205
2025-03-11,0.2
2025-03-12,0.213
2025-03-13,0.2
2025-03-14,0.217
2025-03-17,0.204
2025-03-18,0.19
2025-03-19,0.19
2025-03-20,0.194
2025-03-21,0.208
2025-03-24,0.212
2025-03-25,0.209
2025-03-26,0.221
2025-03-27,0.216
2025-03-28,0.213
2025-03-31,0.202
2025-04-01,0.206
2025-04-02,0.183
2025-04-03,0.209
2025-04-04,0.231
2025-04-07,0.243
2025-04-08,0.273
2025-04-09,0.298
2025-04-10,0.265
2025-04-11,0.285
2025-04-14,0.283
2025-04-15,0.265
2025-04-16,0.278
2025-04-17,0.26
2025-04-18,0.258
2025-04-21,0.271
2025-04-22,0.291
2025-04-23,0.261
2025-04-24,0.282
2025-04-25,0.271
2025-04-28,0.272
2025-04-29,0.293
2025-04-30,0.296
2025-05-02,0.311
2025-05-07,0.35
2025-05-08,0.341
2025-05-09,0.339
2025-05-12,0.355
2025-05-13,0.352
2025-05-14,0.367
2025-05-15,0.365
2025-05-16,0.357
2025-05-19,0.381
2025-05-20,0.383
2025-05-21,0.415
2025-05-22,0.419
2025-05-23,0.428
2025-05-26,0.418
2025-05-27,0.369
2025-05-28,0.392
2025-05-29,0.419
2025-05-30,0.439
2025-06-02,0.453
2025-06-04,0.48
2025-06-05,0.479
2025-06-09,0.462
2025-06-10,0.446
2025-06-11,0.418
2025-06-12,0.398
2025-06-13,0.357
2025-06-16,0.381
2025-06-17,0.42
2025-06-18,0.404
2025-06-19,0.399
2025-06-20,0.404
2025-06-23,0.375
2025-06-24,0.362
2025-06-25,0.36
2025-06-26,0.334
2025-06-27,0.332
2025-06-30,0.353
2025-07-01,0.33
2025-07-02,0.349
2025-07-03,0.365
2025-07-04,0.361
2025-07-07,0.358
2025-07-08,0.37
2025-07-09,0.376
2025-07-10,0.381
2025-07-11,0.375
2025-07-14,0.412
2025-07-15,0.414
2025-07-16,0.418
2025-07-17,0.426
2025-07-18,0.399
2025-07-21,0.399
2025-07-22,0.376
2025-07-23,0.372
2025-07-24,0.382
2025-07-25,0.37
2025-07-28,0.365
2025-07-29,0.363
2025-07-30,0.343
2025-07-31,0.325
2025-08-01,0.354
2025-08-04,0.357
2025-08-05,0.341
2025-08-06,0.349
2025-08-07,0.364
2025-08-08,0.367
2025-08-11,0.361
2025-08-12,0.37
2025-08-13,0.392
2025-08-14,0.383
2025-08-18,0.411
2025-08-19,0.414
2025-08-20,0.412
2025-08-21,0.407
2025-08-22,0.404
2025-08-25,0.418
2025-08-26,0.438
2025-08-27,0.423
2025-08-28,0.399
2025-08-29,0.389
2025-09-01,0.412
2025-09-02,0.42
2025-09-03,0.438
2025-09-04,0.411
2025-09-05,0.395
2025-09-08,0.4
2025-09-09,0.393
2025-09-10,0.403
2025-09-11,0.393
2025-09-12,0.382
2025-09-15,0.378
2025-09-16,0.387
2025-09-17,0.369
2025-09-18,0.353
2025-09-19,0.374
2025-09-22,0.374
2025-09-23,0.353
2025-09-24,0.359
2025-09-25,0.357
2025-09-26,0.381
2025-09-29,0.376
2025-09-30,0.369
2025-10-01,0.364
2025-10-02,0.378
2025-10-10,0.373
2025-10-13,0.35
2025-10-14,0.338
2025-10-15,0.336
2025-10-16,0.339
2025-10-17,0.33
2025-10-20,0.323
2025-10-21,0.304
2025-10-22,0.297
2025-10-23,0.307
2025-10-24,0.322
2025-10-27,0.339
2025-10-28,0.302
2025-10-29,0.307
2025-10-30,0.318
2025-10-31,0.345
2025-11-03,0.345
2025-11-04,0.353
2025-11-05,0.358
2025-11-06,0.369
2025-11-07,0.332
2025-11-10,0.365
2025-11-11,0.37
2025-11-12,0.359
2025-11-13,0.335
2025-11-14,0.373
2025-11-17,0.387
2025-11-18,0.396
2025-11-19,0.412
2025-11-20,0.417
2025-11-21,0.399
2025-11-24,0.385
2025-11-25,0.362
2025-11-26,0.356
2025-11-27,0.338
2025-11-28,0.353
2025-12-01,0.342
2025-12-02,0.324
2025-12-03,0.327
2025-12-04,0.351
2025-12-05,0.364
2025-12-08,0.367
2025-12-09,0.369
2025-12-10,0.276
2025-12-11,0.277
2025-12-12,0.316
2025-12-15,0.325
2025-12-16,0.314
2025-12-17,0.328
2025-12-18,0.345
2025-12-19,0.332
2025-12-22,0.36
2025-12-23,0.416
2025-12-24,0.406
2025-12-26,0.416
2025-12-29,0.415
2025-12-30,0.433
2025-12-31,0.432
2026-01-02,0.451
2026-01-05,0.463
2026-01-06,0.45
2026-01-07,0.444
2026-01-08,0.439
2026-01-09,0.444
2026-01-12,0.412
2026-01-13,0.409
2026-01-14,0.422
2026-01-15,0.403
2026-01-16,0.408
2026-01-19,0.435
2026-01-20,0.462
2026-01-21,0.464
2026-01-22,0.449
2026-01-23,0.453
2026-01-26,0.448
2026-01-27,0.436
2026-01-28,0.451
2026-01-29,0.451
2026-01-30,0.469
2026-02-02,0.451
2026-02-03,0.472
2026-02-04,0.5
2026-02-05,0.483
2026-02-06,0.477
2026-02-09,0.487
2026-02-10,0.457
2026-02-11,0.439
2026-02-12,0.464
2026-02-13,0.429
2026-02-19,0.41
2026-02-20,0.397
2026-02-23,0.424
2026-02-24,0.435
2026-02-25,0.432
2026-02-26,0.408
2026-02-27,0.405
2026-03-03,0.414
2026-03-04,0.409
2026-03-05,0.4
2026-03-06,0.389
2026-03-09,0.319
2026-03-10,0.346
2026-03-11,0.355
2026-03-12,0.378
2026-03-13,0.363
2026-03-16,0.38
2026-03-17,0.368
2026-03-18,0.345
2026-03-19,0.364
2026-03-20,0.326
2026-03-23,0.262
2026-03-24,0.312
2026-03-25,0.301
2026-03-26,0.313
2026-03-27,0.333
2026-03-30,0.349
2026-03-31,0.327
2026-04-01,0.319
2026-04-02,0.327
2026-04-03,0.299
2026-04-06,0.293
2026-04-07,0.303
2026-04-08,0.313
2026-04-09,0.322
2026-04-10,0.326
2026-04-13,0.333
2026-04-14,0.319
2026-04-15,0.327
2026-04-16,0.335
2026-04-17,0.346
2026-04-20,0.34
2026-04-21,0.325
2026-04-22,0.332
2026-04-23,0.333
2026-04-24,0.321
2026-04-27,0.328
2026-04-28,0.332
2026-04-29,0.318
2026-04-30,0.328
2026-05-04,0.317
2026-05-06,0.337
2026-05-07,0.342
2026-05-08,0.34
2026-05-11,0.352
2026-05-12,0.382
2026-05-13,0.409
2026-05-14,0.431
2026-05-15,0.451
2026-05-18,0.482
2026-05-19,0.459
2026-05-20,0.438
2026-05-21,0.421
2026-05-22,0.392
2026-05-26,0.409
2026-05-27,0.391
2026-05-28,0.381
2026-05-29,0.337
2026-06-01,0.384
2026-06-02,0.362
2026-06-04,0.371
2026-06-05,0.372
2026-06-08,0.408
2026-06-09,0.417
2026-06-10,0.392
2026-06-11,0.396
2026-06-12,0.387
2026-06-15,0.374
2026-06-16,0.393
2026-06-17,0.361
2026-06-18,0.368
2026-06-19,0.387
2026-06-22,0.385
2026-06-23,0.401
2026-06-24,0.399
2026-06-25,0.387
2026-06-26,0.395
2026-06-29,0.411
2026-06-30,0.388
2026-07-01,0.414
2026-07-02,0.436
2026-07-03,0.449
